100,8361.3338800576,104867,180445,0.9355183232093985,10,180445,0.9355183232093985,10

99.97819570753374,8328.1470550494,93516,146003,0.9384490354591728,9,146003,0.9384490354591728,9

100,8100.3745178781,107338,149921,0.9043302465110212,10,149921,0.9043302465110212,10

99.8086460023915,8070.0870238213,111119,147397,0.885618121113401,10,147397,0.885618121113401,10

100,8003.1807654978,104063,152517,0.8931128258843201,10,152517,0.8931128258843201,10

99.88862598354525,7862.2421074339,111529,168761,0.9352096764070331,10,168761,0.9352096764070331,10

99.81152151812933,7846.4176576098,120424,183801,0.9293828472729688,12,183801,0.9293828472729688,12

99.62128032468145,7787.0616746624,101095,151988,0.896552747415797,10,151988,0.896552747415797,10

99.76405510108286,7786.9515511597,115462,159004,0.9191422286120109,10,159004,0.9191422286120109,10

99.6160813996191,7776.9975881117,102824,137264,0.8643215591690656,9,137264,0.8643215591690656,9

99.6080588970892,7764.7870846982,128220,203899,0.923670254250507,12,203899,0.923670254250507,12

99.6080588970892,7746.0778478753,126015,184166,0.9356901956116336,12,184166,0.9356901956116336,12

100,7736.3483694591,128025,182576,0.9062604959968756,11,182576,0.9062604959968756,11

99.59333502033239,7733.2629841119,117509,178426,0.9355368524964045,11,178426,0.9355368524964045,11

99.59288509999588,7732.5681077813,110817,165412,0.9201476307786711,10,165412,0.9201476307786711,10

99.57353709195527,7710.0560465618,92780,139138,0.9503341237335633,9,139138,0.9503341237335633,9

99.5722611155679,7700.7155386512,115158,173661,0.9406728147414856,11,173661,0.9406728147414856,11

99.74890525693937,7679.7546996586,112189,155970,0.903787358831971,10,155970,0.903787358831971,10

99.74842317012963,7679.133741058,117563,163131,0.9254867602902274,11,163131,0.9254867602902274,11

99.5453454688071,7669.3352568857,98429,139531,0.9202978796899288,8,139531,0.9202978796899288,8

99.55125621013605,7668.2746587293,146145,227178,0.9536487734783947,13,227178,0.9536487734783947,13

99.7367304599092,7665.8959867557,105102,139523,0.8487183878518011,9,139523,0.8487183878518011,9

99.62508803317961,7602.3513716335,119930,174633,0.8885433169348786,10,174633,0.8885433169348786,10

99.67975212934624,7590.6810546858,112223,165300,0.9317608689840764,11,165300,0.9317608689840764,11

99.50047230102086,7589.8418039414,122443,185260,0.9478287856390321,12,185260,0.9478287856390321,12

99.49464066216143,7589.5684381499,131754,203515,0.9371176586669095,12,203515,0.9371176586669095,12

99.66531507099594,7580.5329120181,103169,148740,0.8793629869437525,9,148740,0.8793629869437525,9

99.66592204920474,7572.8670281718,109542,174737,0.9235179200671888,10,174737,0.9235179200671888,10

99.48065818096171,7570.8791521851,105306,150837,0.9282377072531479,10,150837,0.9282377072531479,10

99.46645554172105,7546.5252007875,114798,154393,0.8779856791930173,10,154393,0.8779856791930173,10

99.4617999682829,7545.2333727418,102347,149862,0.9337254633745982,10,149862,0.9337254633745982,10

99.45984298697003,7539.1977664404,99572,160168,0.8681757923914354,8,160168,0.8681757923914354,8

99.99927653344757,7530.265124817,129109,171668,0.9328164574119543,12,171668,0.9328164574119543,12

99.61428730887162,7509.0293355968,115457,152351,0.877971885637077,11,152351,0.877971885637077,11

99.61428730887162,7508.4851520824,113787,155268,0.9096293952736253,11,155268,0.9096293952736253,11

99.60495676294653,7504.3110474344,116561,160156,0.9194584809670473,11,160156,0.9194584809670473,11

99.43198231959575,7500.0193318899,103456,140444,0.9448654500463965,11,140444,0.9448654500463965,11

99.60104566231956,7499.3720192874,113857,154265,0.8956234574949279,10,154265,0.8956234574949279,10

99.43369446632875,7496.4937401329,108948,142149,0.9060377427763704,10,142149,0.9060377427763704,10

99.43369446632875,7488.3215395958,131567,180030,0.8968890375246072,11,180030,0.8968890375246072,11

99.43369446632875,7475.958800305,103593,141751,0.9054955450657863,10,141751,0.9054955450657863,10

99.41437372889047,7473.3185162808,92686,147447,0.9116371404527113,9,147447,0.9116371404527113,9

99.41437372889047,7468.6845374161,136051,210340,0.9203607470727889,13,210340,0.9203607470727889,13

99.50208577673956,7438.9584256388,108336,150191,0.9440721459164082,11,150191,0.9440721459164082,11

99.40198822642742,7437.7387607513,132193,160972,0.9066062499527207,11,160972,0.9066062499527207,11

99.55655888046789,7435.0712157377,128202,172554,0.9419431834136753,13,172554,0.9419431834136753,13

99.50435493909453,7432.5398546012,138378,187155,0.8901993091387359,12,187155,0.8901993091387359,12

99.54646685043059,7429.2555760998,120066,188437,0.9156380657305149,11,188437,0.9156380657305149,11

99.55045790930141,7427.2550258766,117094,172023,0.9383742975728901,13,172023,0.9383742975728901,13

99.39395284588836,7425.3285732339,126608,191524,0.9434632882598256,12,191524,0.9434632882598256,12

99.39209602147416,7422.4608136978,127787,192637,0.9269330996110715,11,192637,0.9269330996110715,11

99.37906569653549,7419.7791230829,106213,143690,0.9067157504260307,10,143690,0.9067157504260307,10

99.39014402480223,7419.446066031,154170,231641,0.9535188428358305,14,231641,0.9535188428358305,14

99.38019459496873,7414.7907838983,105728,160171,0.9187916162227603,10,160171,0.9187916162227603,10

99.37069403265042,7403.51022917,120391,170357,0.934787484114261,11,170357,0.934787484114261,11

99.37135596026086,7401.2927592049,133977,188634,0.9215835553863723,12,188634,0.9215835553863723,12

99.69502470622227,7399.9806990173,124346,174551,0.8977369597735352,11,174551,0.8977369597735352,11

99.37746599894535,7399.8655772826,95222,141493,0.9179811388124594,9,141493,0.9179811388124594,9

99.37004345916327,7399.2883577548,126187,160665,0.9058223113315952,11,160665,0.9058223113315952,11

99.3630015109419,7388.5341639089,154110,213340,0.9363571474920511,14,213340,0.9363571474920511,14

99.36778938801588,7384.9206029178,123997,195229,0.9119172238038017,12,195229,0.9119172238038017,12

99.51992241811305,7384.8101787038,145716,195612,0.8759298910208899,12,195612,0.8759298910208899,12

99.35669496384561,7382.203202243,108424,164625,0.8932524164391648,10,164625,0.8932524164391648,10

99.35759260604354,7380.2738913334,101135,143780,0.9422455134226528,9,143780,0.9422455134226528,9

99.45757749175249,7379.8347964007,127358,174633,0.9002810973790417,10,174633,0.9002810973790417,10

99.4550727106554,7376.5075114031,119485,174497,0.9501862158429929,10,174497,0.9501862158429929,10

99.45037365246344,7370.2654067165,115031,160806,0.9264459145795482,11,160806,0.9264459145795482,11

99.45037365246344,7367.6456151215,132421,194078,0.9062308848294455,11,194078,0.9062308848294455,11

99.45037365246344,7367.0056291992,110140,142724,0.9109043036135828,10,142724,0.9109043036135828,10

99.6415853584264,7366.1892390784,117016,158016,0.917344636630888,11,158016,0.917344636630888,11

99.6415853584264,7360.3657961723,106070,153924,0.9030263033845574,10,153924,0.9030263033845574,10

99.48937893856007,7357.0134684088,119242,154681,0.8936700155985308,11,154681,0.8936700155985308,11

99.34964239505223,7356.8936060057,96575,135912,0.9037432047631374,9,135912,0.9037432047631374,9

99.48803866203038,7355.3174105531,105258,121025,0.9441087613293051,10,121025,0.9441087613293051,10

99.34835373314365,7354.9033410949,129269,184744,0.8747727606773472,12,184744,0.8747727606773472,12

99.48148978563071,7348.3940986389,122548,174373,0.9223487939419656,11,174373,0.9223487939419656,11

99.4795506510373,7345.9453147156,119886,182684,0.9174048679578933,11,182684,0.9174048679578933,11

99.74293946325263,7344.9650535105,116893,162600,0.9026203451019308,10,162600,0.9026203451019308,10

99.42760635600412,7340.0219319341,103958,141481,0.9437561322841916,10,141481,0.9437561322841916,10

99.42760635600412,7337.3235374767,105759,147164,0.8858725971312135,9,147164,0.8858725971312135,9

99.32461628133984,7337.2146623889,108468,169720,0.9163255522366044,10,169720,0.9163255522366044,10

99.33661592918057,7336.7749715029,106151,129169,0.8786822545242156,9,129169,0.8786822545242156,9

99.47046089136141,7334.4665563888,98539,149207,0.903733547123474,9,149207,0.903733547123474,9

99.32137068682346,7328.4385317365,112977,136941,0.8896589571328678,10,136941,0.8896589571328678,10

99.32362293286909,7328.3967063959,141122,193736,0.8860631226881706,12,193736,0.8860631226881706,12

99.32919467925448,7325.3132737341,105818,151538,0.9065187397229205,10,151538,0.9065187397229205,10

99.59968104876779,7322.911813931,115914,173065,0.9174732991700744,11,173065,0.9174732991700744,11

99.4580271508307,7318.7649418534,123395,187204,0.9026054540297419,11,187204,0.9026054540297419,11

99.31253348966231,7314.9880372431,138764,205127,0.9426220057075322,13,205127,0.9426220057075322,13

99.32052505277207,7311.9235294862,158074,249570,0.9554132874476511,15,249570,0.9554132874476511,15

99.32039854338143,7311.7281429388,134659,186392,0.9107969018038156,12,186392,0.9107969018038156,12

99.61306711019822,7309.586866428,131023,192802,0.9324622394541416,12,192802,0.9324622394541416,12

99.60271178153356,7309.2901623286,114336,128896,0.8770553456479149,10,128896,0.8770553456479149,10

99.31730425061967,7306.9491840307,102271,129859,0.908722902875693,9,129859,0.908722902875693,9

99.58356774978589,7306.2705162638,107232,165798,0.9468535511787526,10,165798,0.9468535511787526,10

99.31621654730985,7305.2692882283,118479,180178,0.8697997113412503,11,180178,0.8697997113412503,11

99.40090342204492,7304.5504603321,113505,160389,0.8903484427998767,10,160389,0.8903484427998767,10

99.70037283317215,7302.6186341355,116893,164191,0.8619078986765675,10,164191,0.8619078986765675,10

99.57929163135067,7301.8542784828,111418,160297,0.9246531081153853,10,160297,0.9246531081153853,10

99.69622254396378,7300.5631948508,136720,185438,0.9312024575775307,13,185438,0.9312024575775307,13

99.31020901980267,7295.9910042046,102270,154788,0.9281118607607314,10,154788,0.9281118607607314,10

99.30895069311089,7294.0475903081,124269,156917,0.9359775969871811,11,156917,0.9359775969871811,11

99.76438389347089,7293.317747578,118912,167127,0.9300575215285253,11,167127,0.9300575215285253,11

99.6902262560457,7291.7158869872,112589,159657,0.8792244357796943,10,159657,0.8792244357796943,10

99.68879116244277,7290.284471281,106654,156374,0.9528006450766029,10,156374,0.9528006450766029,10

99.39846682713491,7289.8656766998,129836,187391,0.9276317816322129,13,187391,0.9276317816322129,13

99.30488289219234,7287.7651035065,118350,172828,0.9596873679763414,12,172828,0.9596873679763414,12

99.38727845210379,7286.4514104268,108336,159900,0.9411460640968837,10,159900,0.9411460640968837,10

99.55892731816282,7280.8226698763,118395,163898,0.8772836690738629,11,163898,0.8772836690738629,11

99.29315673453499,7269.6547209703,132907,197100,0.9555629124124387,12,197100,0.9555629124124387,12

99.56571881667479,7269.5252045103,144736,205974,0.9293403161618395,13,205974,0.9293403161618395,13

99.29258706634138,7268.7749008957,100147,138834,0.8992081639989216,9,138834,0.8992081639989216,9

99.37986356029595,7264.7995408191,127183,182327,0.9262008287271097,11,182327,0.9262008287271097,11

99.3663581956387,7258.6614947478,147463,189184,0.8808243423774099,12,189184,0.8808243423774099,12

99.3663581956387,7257.7181772322,118940,164650,0.9236673953253741,11,164650,0.9236673953253741,11

99.27078474248788,7255.5871195095,111238,163521,0.9558873766159046,11,163521,0.9558873766159046,11

99.27078474248788,7253.862521169,115145,164647,0.957688132354857,11,164647,0.957688132354857,11

99.36189451589225,7252.7320605662,136710,198067,0.9575744276205106,13,198067,0.9575744276205106,13

99.36189451589225,7250.8282628779,125564,184572,0.9111767704119015,12,184572,0.9111767704119015,12

99.27791222390316,7246.1104426835,120515,155510,0.8822719163589595,10,155510,0.8822719163589595,10

99.26445813615597,7245.9937595452,136849,198162,0.895636796761394,12,198162,0.895636796761394,12

99.27618712428199,7243.4461245867,138811,205101,0.9506451217842966,13,205101,0.9506451217842966,13

99.55289247234525,7243.2182025813,139233,185382,0.8803803695962882,12,185382,0.8803803695962882,12

99.2755841518543,7242.5148680197,117366,174277,0.9236064959187499,11,174277,0.9236064959187499,11

99.2648286720006,7242.3797910348,111119,153794,0.9079185377838174,10,153794,0.9079185377838174,10

99.35327729663706,7241.2851742965,123812,195341,0.869568377863212,11,195341,0.869568377863212,11

99.51826647278041,7238.8294546962,142361,198679,0.9775078848842028,14,198679,0.9775078848842028,14

99.27274945289741,7238.1368369558,114472,145584,0.9385701306869803,11,145584,0.9385701306869803,11

99.3584558518774,7235.9546861622,121464,154338,0.9294770466969637,12,154338,0.9294770466969637,12

99.27058271459053,7234.7904330663,137808,198967,0.9047878207360966,12,198967,0.9047878207360966,12

99.26778532397326,7230.4700226077,101293,141209,0.8837432004185877,9,141209,0.8837432004185877,9

99.52809993502947,7229.0874280977,116999,163404,0.9182728057504765,10,163404,0.9182728057504765,10

99.25855531261445,7229.0279267183,110969,142822,0.8934116735304455,10,142822,0.8934116735304455,10

99.34059006766851,7224.4317947108,121039,157004,0.8727434958980164,10,157004,0.8727434958980164,10

99.25268359854729,7223.8946038621,138525,180715,0.905453889189677,12,180715,0.905453889189677,12

99.25353035688443,7221.3540066199,113899,142543,0.9477695150967085,10,142543,0.9477695150967085,10

99.25168745057495,7218.5395906275,118816,165914,0.8922451521680582,10,165914,0.8922451521680582,10

99.24562778114588,7217.4403196139,101122,136016,0.9371650086034691,10,136016,0.9371650086034691,10

99.33134251723727,7212.1475931691,113718,175065,0.9532527832005487,11,175065,0.9532527832005487,11

99.33040701478922,7210.9048964463,154316,209064,0.8713872832369942,13,209064,0.8713872832369942,13

99.52316860946965,7210.4347387533,118968,161404,0.9179947548920718,11,161404,0.9179947548920718,11

99.24983503938756,7202.7468305801,114532,164494,0.8987444556979709,10,164494,0.8987444556979709,10

99.24000512408153,7200.6987886602,125646,151311,0.920244178087643,11,151311,0.920244178087643,11

99.23949680987428,7199.9225106548,134212,176120,0.8825961911006467,12,176120,0.8825961911006467,12

99.2335136307366,7199.0710076256,117762,148069,0.8948217591413189,11,148069,0.8948217591413189,11

99.33093598885544,7198.8742834621,144619,222754,0.9582005130722796,14,222754,0.9582005130722796,14

99.24435661377026,7194.2857142857,134050,208373,0.900798209623275,12,208373,0.900798209623275,12

99.22980839007114,7193.4525598207,116473,151516,0.9242828810110497,10,151516,0.9242828810110497,10

99.22972060795807,7193.3194512685,128223,185317,0.8484905204214532,11,185317,0.8484905204214532,11

99.35848236471215,7191.3699184091,126117,168350,0.8590673739464149,12,168350,0.8590673739464149,12

99.24219840130608,7190.9524780746,122575,161063,0.9044584947991026,10,161063,0.9044584947991026,10

99.58911139379701,7190.8601646446,106654,145173,0.8850207212106438,10,145173,0.8850207212106438,10

99.31391318572179,7188.9949299135,134120,197599,0.9129883686251118,12,197599,0.9129883686251118,12

99.22875634996754,7187.4765722854,109379,142700,0.9107689775916766,10,142700,0.9107689775916766,10

99.6328643990718,7185.3508593572,167218,224735,0.9351923835950675,15,224735,0.9351923835950675,15

99.35021783385983,7182.6208479486,108049,132798,0.9185462151431295,10,132798,0.9185462151431295,10

99.34791526020499,7179.7131047897,102825,142677,0.8742718210551909,10,142677,0.8742718210551909,10

99.35980859343576,7178.5733464602,111730,157420,0.9619081714848295,11,157420,0.9619081714848295,11

99.35459360615366,7176.3257002589,118956,158085,0.9473586872457043,11,158085,0.9473586872457043,11

99.47894098619071,7176.24485291,117785,152730,0.886258861484909,9,152730,0.886258861484909,9

99.23237263908473,7175.7771480357,139034,186656,0.9816951249334696,14,186656,0.9816951249334696,14

99.45503643293283,7173.527500342,116944,158239,0.8879891229990423,11,158239,0.8879891229990423,11

99.2163183389562,7172.9968985241,128326,164206,0.9143197793120645,11,164206,0.9143197793120645,11

99.22976054551084,7171.7429183054,100435,147195,0.8497834420271818,8,147195,0.8497834420271818,8

99.7023105003511,7171.1085768993,142056,192439,0.9359055583713465,13,192439,0.9359055583713465,13

99.29782823553268,7167.6281072743,124466,157233,0.8782800122121704,10,157233,0.8782800122121704,10

99.22679983279221,7167.1702661647,121128,163267,0.9428538405653524,11,163267,0.9428538405653524,11

99.29675916773668,7166.207985874,144981,206732,0.8929376952842096,13,206732,0.8929376952842096,13

99.33654526773064,7165.3548158531,129842,157556,0.916098026832612,12,157556,0.916098026832612,12

99.33654526773064,7165.1255304102,113120,158895,0.915576379066478,11,158895,0.915576379066478,11

99.21053810439544,7164.2320302977,153411,204433,0.875804212214248,13,204433,0.875804212214248,13

99.34803205079443,7163.4044074006,156691,198504,0.9271496129324595,15,198504,0.9271496129324595,15

99.22417559215893,7163.1172759931,116358,146468,0.8682342425961258,9,146468,0.8682342425961258,9

99.29396321353691,7162.4939142237,135562,177979,0.9055635059972559,12,177979,0.9055635059972559,12

99.20919957336667,7162.2023465607,129807,172510,0.9594860061475884,12,172510,0.9594860061475884,12

99.29324827485226,7161.5442085738,155264,224020,0.9159367271228359,14,224020,0.9159367271228359,14

99.34292541718565,7161.3771325931,156441,221790,0.8945353200248016,14,221790,0.8945353200248016,14

99.22220468169742,7160.0733170557,147851,216116,0.9172748239781943,13,216116,0.9172748239781943,13

99.20721355008368,7159.1908368742,108260,152404,0.9447903196009606,10,152404,0.9447903196009606,10

99.55205166768728,7158.1221730869,118946,148336,0.9228893783733795,11,148336,0.9228893783733795,11

99.20636649025397,7157.9063963019,135422,181789,0.9919363175850305,12,181789,0.9919363175850305,12

99.22064975123828,7157.6718155362,111675,136952,0.9133467651667786,10,136952,0.9133467651667786,10

99.43896776003291,7156.932291059,128565,162720,0.8798351028662544,11,162720,0.8798351028662544,11

99.21047102402022,7155.5954412428,113101,162098,0.921380005481826,10,162098,0.921380005481826,10

99.2042801648492,7154.7427933273,128943,186942,0.9592533134795995,13,186942,0.9592533134795995,13

99.21866356167199,7154.6042588918,104816,150314,0.8635704472599603,10,150314,0.8635704472599603,10

99.2066744728102,7153.8672545693,98429,112489,0.9229800160521797,7,112489,0.9229800160521797,7

99.2091607541245,7153.5944471988,110935,189901,0.899896335692072,11,189901,0.899896335692072,11

99.2865922917377,7152.7025765497,128544,168496,0.9456139531989046,11,168496,0.9456139531989046,11

99.20267623904785,7152.3106777884,127798,154243,0.9018920483888637,11,154243,0.9018920483888637,11

99.21677278415407,7151.6840607211,109616,171697,0.9411764705882353,9,171697,0.9411764705882353,9

99.43300957844335,7150.7788724761,143926,192960,0.9335144449230854,13,192960,0.9335144449230854,13

99.54277997936919,7148.9617324236,134840,202478,0.9171239988134084,12,202478,0.9171239988134084,12

99.20300998892833,7148.2897938229,134399,184414,0.9133252479557139,12,184414,0.9133252479557139,12

99.20447262953249,7146.4349227247,101779,138146,0.937030232169701,10,138146,0.937030232169701,10

99.28158230408371,7146.0474413849,131067,176861,0.9242830002975577,12,176861,0.9242830002975577,12

99.28158230408371,7146.0247421765,135073,163127,0.8969372117299534,11,163127,0.8969372117299534,11

99.1979419207652,7145.1317864384,110975,156348,0.9297499436810093,10,156348,0.9297499436810093,10

99.19756378010325,7144.5583922209,101606,140660,0.9454756608861682,10,140660,0.9454756608861682,10

99.21047028775598,7141.9502140479,157675,228954,0.9455842714444268,15,228954,0.9455842714444268,15

99.27779041773744,7141.0103997978,106829,151413,0.8683503543045428,9,151413,0.8683503543045428,9

99.4232427314878,7140.6919866286,105898,143833,0.9423029707832065,10,143833,0.9423029707832065,10

99.27730614207188,7140.3671008051,128684,194279,0.9445385595722856,12,194279,0.9445385595722856,12

99.53407699269515,7140.3631697578,118457,155474,0.9163662763703285,11,155474,0.9163662763703285,11

99.2004952944479,7140.3608887862,138436,196500,0.8984368227917594,13,196500,0.8984368227917594,13

99.19941651350909,7138.7134158187,149279,222131,0.9333328867422745,14,222131,0.9333328867422745,14

99.45675773779708,7137.1879195772,117678,169266,0.910068152076004,11,169266,0.910068152076004,11

99.32670535739955,7135.9342642268,165146,239517,0.8915141753357635,15,239517,0.8915141753357635,15

99.19745059976105,7135.7111475733,111531,140225,0.8728783925545364,10,140225,0.8728783925545364,10

99.62731505447263,7135.3049779403,115369,154640,0.9305879395678215,10,154640,0.9305879395678215,10

99.52890044182845,7135.2487304639,162264,248569,0.9281664448059952,15,248569,0.9281664448059952,15

99.60407769998594,7132.1057970837,163634,218822,0.897661855115685,15,218822,0.897661855115685,15

99.19478848947013,7131.6456746093,168794,274593,0.9233088853869214,15,274593,0.9233088853869214,15

99.69740022290375,7130.1960604882,131133,162496,0.8984694928050148,12,162496,0.8984694928050148,12

99.2025342312953,7129.6934269117,109142,153179,0.9373934873834088,10,153179,0.9373934873834088,10

99.26856512096418,7128.7557594271,97883,120189,0.9068479715578803,9,120189,0.9068479715578803,9

99.19280692275338,7128.6195017491,150366,218612,0.9223694186185707,14,218612,0.9223694186185707,14

99.26753762988615,7127.3908674399,117426,150068,0.9246589341372439,11,150068,0.9246589341372439,11

99.26712972572844,7126.8490183394,137573,184687,0.8747719392613377,11,184687,0.8747719392613377,11

99.43222910754383,7126.0327141669,144280,195636,0.9132034932076518,13,195636,0.9132034932076518,13

99.20003466040293,7125.8329820533,111497,157224,0.9296662690475977,10,157224,0.9296662690475977,10

99.19074598787057,7125.4721208629,109347,149250,0.863325011202868,9,149250,0.863325011202868,9

99.51868270201146,7125.0553342187,117468,154558,0.8702455136718085,10,154558,0.8702455136718085,10

99.18952546429946,7123.6081839715,107234,142233,0.8849525337113229,10,142233,0.8849525337113229,10

99.18880833800557,7122.5130161381,158073,214659,0.8875772586083644,14,214659,0.8875772586083644,14

99.42841633698538,7121.9342413625,129291,160173,0.8874554299989945,11,160173,0.8874554299989945,11

99.18230072472866,7121.4142329858,138987,182123,0.9039766309079267,12,182123,0.9039766309079267,12

99.51877095291616,7120.6999941497,136744,183027,0.8865032469431932,12,183027,0.8865032469431932,12

99.18716692296088,7120.0063098947,126785,165124,0.8924793942501085,11,165124,0.8924793942501085,11

99.19565763895908,7119.0729217647,143030,186867,0.9026917429909809,12,186867,0.9026917429909809,12

99.59091306723967,7118.8667819438,137061,176075,0.9166356585753789,12,176075,0.9166356585753789,12

99.26044545490434,7117.9698096697,114275,157591,0.9329424633559397,11,157591,0.9329424633559397,11

99.19478263608616,7117.7215296709,118483,163959,0.9142999417637974,11,163959,0.9142999417637974,11

99.1795332331463,7117.2177425524,130714,177551,0.9132151108527014,12,177551,0.9132151108527014,12

99.31165730466735,7116.5514112272,127832,176778,0.9264112272357469,12,176778,0.9264112272357469,12

99.29853711593799,7115.5119832419,129848,162868,0.8697708089458444,11,162868,0.8697708089458444,11

99.55638349788234,7113.4990591265,141358,209534,0.9375344869055873,12,209534,0.9375344869055873,12

99.25666098604269,7112.9426212731,146570,192177,0.926881353619431,13,192177,0.926881353619431,13

99.55328963871544,7110.592459605,128110,188520,0.9090234954336117,12,188520,0.9090234954336117,12

99.25457297081188,7110.1689570354,142699,183190,0.9048136286869565,12,183190,0.9048136286869565,12

99.17458621946379,7109.7163301814,195650,250233,0.8891029900332226,17,250233,0.8891029900332226,17

99.97523632914478,7109.3122437994,144906,202173,0.9342608311595103,14,202173,0.9342608311595103,14

99.39221832855563,7108.6509797112,103653,134932,0.936480372010458,10,134932,0.936480372010458,10

99.39155915557316,7107.970207026,136408,178251,0.8823529411764706,12,178251,0.8823529411764706,12

99.1791586079153,7107.7763176153,122513,156774,0.9380637156873148,11,156774,0.9380637156873148,11

99.1718310970295,7105.5385957261,103185,140824,0.9133110432717934,9,140824,0.9133110432717934,9

99.17744843400882,7105.1646054694,114820,146782,0.9084480055739418,10,146782,0.9084480055739418,10

99.18620761715181,7104.4779013918,154693,232939,0.9136353939738708,15,232939,0.9136353939738708,15

99.17342831669811,7103.265550029,113794,148047,0.9025080408457388,10,148047,0.9025080408457388,10

99.18521768306037,7102.9490045779,112716,155470,0.9117072997622343,11,155470,0.9117072997622343,11

99.1726212545182,7102.0371757822,168174,240924,0.9059783319657022,16,240924,0.9059783319657022,16

99.24812864700216,7101.6084876368,114331,156474,0.9085724781555309,10,156474,0.9085724781555309,10

99.18198970334458,7097.9635737846,139460,181720,0.8927004158898609,13,181720,0.8927004158898609,13

99.24517851142302,7097.6896055178,109029,158007,0.9156646396830201,10,158007,0.9156646396830201,10

99.18159278517972,7097.3505562889,106060,140756,0.9249575711861211,10,140756,0.9249575711861211,10

99.18159278517972,7096.5914760037,130291,178685,0.9171393265843382,12,178685,0.9171393265843382,12

99.24363365993835,7095.6374656424,113512,155636,0.9179117626330255,11,155636,0.9179117626330255,11

99.29501397604864,7095.1137409996,132494,168396,0.9128564312346219,11,168396,0.9128564312346219,11

99.17920877214912,7093.6685839654,138563,174654,0.9349826432741786,12,174654,0.9349826432741786,12

99.28930172607984,7092.6777502653,149831,202358,0.9414273414713911,14,202358,0.9414273414713911,14

99.1776156212191,7091.2080531058,114639,162664,0.8990308708205759,10,162664,0.8990308708205759,10

99.29105950170923,7090.0201254883,126705,170913,0.8752614340396985,11,170913,0.8752614340396985,11

99.23833196251795,7088.594830935,120989,162725,0.8726578449280513,10,162725,0.8726578449280513,10

99.23828268702557,7088.5293746735,111014,156479,0.9238654584106509,10,156479,0.9238654584106509,10

99.16521274534693,7086.4787299742,110108,140473,0.9130490064300505,10,140473,0.9130490064300505,10

99.17454576008623,7086.4668274568,130605,185321,0.9323609356456491,12,185321,0.9323609356456491,12

99.2366964748161,7086.4222923046,131274,164747,0.9413288236817648,11,164747,0.9413288236817648,11

99.17406659056498,7085.7267774265,118936,153659,0.9022667653191633,11,153659,0.9022667653191633,11

99.16188159949517,7085.6910800559,119429,163200,0.9164440797461253,11,163200,0.9164440797461253,11

99.17372183689974,7085.194325029,114679,166335,0.8804576251972899,10,166335,0.8804576251972899,10

99.36912418389771,7084.8000888382,198113,275934,0.9342244072827124,19,275934,0.9342244072827124,19

99.15731566764208,7083.5281003919,111244,144294,0.920957534788393,10,144294,0.920957534788393,10

99.3664617786301,7082.050442188,122120,173013,0.8864723223059285,11,173013,0.8864723223059285,11

99.15906962848098,7081.4111709453,121261,159490,0.938512794715531,11,159490,0.938512794715531,11

99.171103115257,7081.1498586239,116710,153900,0.906863165110102,11,153900,0.906863165110102,11

99.47864337559015,7080.6752568651,124871,174123,0.9624332310944895,12,174123,0.9624332310944895,12

99.15826745740416,7080.1902411126,132884,187901,0.8881731434935733,12,187901,0.8881731434935733,12

99.16963627141382,7078.884401865,105737,152767,0.9158950982153834,9,152767,0.9158950982153834,9

99.26934715135798,7078.5734353849,117457,155057,0.8963620729288165,10,155057,0.8963620729288165,10

99.15935973952745,7077.5402434666,137103,202073,0.9296149610147115,13,202073,0.9296149610147115,13

99.16854689775232,7077.2019262996,113378,146108,0.9129901744606538,11,146108,0.9129901744606538,11

99.23967609770521,7075.9102443054,135568,179341,0.8698144104803494,12,179341,0.8698144104803494,12

99.23967609770521,7075.1772834026,131569,160994,0.9242678746513237,11,160994,0.9242678746513237,11

99.23967609770521,7074.7521434217,99957,124155,0.9117720619866543,9,124155,0.9117720619866543,9

99.35871256997393,7074.0473083743,149445,200632,0.9146709491786276,13,200632,0.9146709491786276,13

99.35869504329895,7074.0292073873,134555,169562,0.9026569060978782,11,169562,0.9026569060978782,11

99.51409983969143,7073.774671546,133352,180050,0.928212550242966,12,180050,0.928212550242966,12

99.65183194889875,7073.6852833265,137368,151913,0.9189913225787665,12,151913,0.9189913225787665,12

99.35800566237641,7073.3172369118,152829,210037,0.9296076006517088,14,210037,0.9296076006517088,14

99.59050149772071,7073.3054492099,118586,162879,0.902762552071914,11,162879,0.902762552071914,11

99.165727274101,7072.8471781864,118275,156545,0.9104375396322131,10,156545,0.9104375396322131,10

99.16532923599105,7072.2324309993,109383,144941,0.8986588409533474,10,144941,0.8986588409533474,10

99.35597606842745,7071.2211374671,133261,190244,0.9322907677414998,12,190244,0.9322907677414998,12

99.51095206008529,7070.8174151864,113602,146028,0.9040861956655692,10,146028,0.9040861956655692,10

99.51095206008529,7070.6338791579,122689,182652,0.9225358426590811,11,182652,0.9225358426590811,11

99.2247708599184,7070.580620718,126692,165512,0.900751428661636,11,165512,0.900751428661636,11

99.15412916414606,7069.5523089052,119234,153459,0.9538889913950719,12,153459,0.9538889913950719,12

99.37902932710765,7068.8465158434,114748,149516,0.9158416704430579,10,149516,0.9158416704430579,10

99.37814731955416,7067.8984168388,138015,175506,0.8611382820707894,12,175506,0.8611382820707894,12

99.16239183731409,7067.6957860679,128265,179059,0.9122129965306202,11,179059,0.9122129965306202,11

99.23317069188765,7067.1448275862,126875,156250,0.9016354679802956,11,156250,0.9016354679802956,11

99.14646275343931,7067.0712660092,134454,177826,0.8734957680693769,12,177826,0.8734957680693769,12

99.26826253126583,7065.7236249787,123289,150279,0.9078019936896236,11,150279,0.9078019936896236,11

99.26791494212827,7065.2783151061,105977,150256,0.917576455268596,10,150256,0.917576455268596,10

99.16078249791664,7065.2102530425,97454,131843,0.8850842448745049,9,131843,0.8850842448745049,9

99.25862975053185,7065.0110611575,126117,168679,0.9274483217964271,11,168679,0.9274483217964271,11

99.21974684966061,7063.906858297,136652,181217,0.8915493370020198,12,181217,0.8915493370020198,12

99.15941006190359,7063.0906037994,132809,165060,0.9040727661528962,12,165060,0.9040727661528962,12

99.15941006190359,7063.028592699,115519,153664,0.8817770236930721,11,153664,0.8817770236930721,11

99.15913751870652,7062.6696763566,131132,156177,0.8924442546441753,11,156177,0.8924442546441753,11

99.15890357729668,7062.3083671753,110563,138142,0.9506887475918707,11,138142,0.9506887475918707,11

99.25572891065421,7061.3401826831,131594,174384,0.9461829566697569,11,174384,0.9461829566697569,11

99.14576450031487,7061.1603436899,140941,184701,0.8744793920860502,12,184701,0.8744793920860502,12

99.14576450031487,7061.0385155557,154509,205237,0.9434919648693604,15,205237,0.9434919648693604,15

99.1483279347851,7060.6928934237,112023,132966,0.8970747078724904,10,132966,0.8970747078724904,10

99.56669122318753,7060.5726103699,157629,211476,0.8896395967747052,13,211476,0.8896395967747052,13

99.49932239033205,7059.8916455516,168521,211430,0.9117202010431934,15,211430,0.9117202010431934,15

99.14771165759377,7059.7517384805,153870,199536,0.9587248976408657,14,199536,0.9587248976408657,14

99.34437862768058,7059.2436731463,103606,142198,0.9240777561145107,10,142198,0.9240777561145107,10

99.15679459084255,7059.0511577326,110345,151559,0.9401241560560062,10,151559,0.9401241560560062,10

99.34406808784674,7058.9229575797,122465,151499,0.9036377740578941,11,151499,0.9036377740578941,11

99.26287287317565,7058.8187257799,134702,169927,0.9731481344003801,14,169927,0.9731481344003801,14

99.14673203200478,7058.2556917688,142750,174021,0.8965183887915937,12,174021,0.8965183887915937,12

99.15615881737928,7058.0692418346,113313,152887,0.8778692647798576,10,152887,0.8778692647798576,10

99.2141895581546,7056.5246991627,113101,163021,0.9295585361756307,11,163021,0.9295585361756307,11

99.25150053554187,7055.9893698715,115897,144002,0.9334495284606159,11,144002,0.9334495284606159,11

99.15435644243199,7055.2855763985,119145,175003,0.9472911158672206,12,175003,0.9472911158672206,12

99.21295347873581,7054.8827239375,121295,154021,0.9015952842244116,11,154021,0.9015952842244116,11

99.15406264466118,7054.8318224773,142855,176170,0.9089916348745232,13,176170,0.9089916348745232,13

99.26330742553043,7054.2736789161,127244,170665,0.9264326805193173,11,170665,0.9264326805193173,11

99.22360185973535,7054.2517347211,119904,181475,0.9256571924206032,11,181475,0.9256571924206032,11

99.21024664903057,7051.2870429098,159241,219620,0.8898273685796999,13,219620,0.8898273685796999,13

99.1512396961896,7050.4719393686,129042,176847,0.8863548302103191,12,176847,0.8863548302103191,12

99.1511580017589,7050.345766974,152704,213496,0.8762376886001676,13,213496,0.8762376886001676,13

99.20949839339258,7050.2930798998,140576,185048,0.9043720122922831,13,185048,0.9043720122922831,13

99.20910688584104,7049.7730116175,139875,201860,0.9429061662198391,13,201860,0.9429061662198391,13

99.15012023490091,7048.7429951769,122951,159321,0.895804019487438,11,159321,0.895804019487438,11

99.14977945870125,7048.2166857484,160712,224039,0.907324904176415,14,224039,0.907324904176415,14

99.13380410719299,7047.8763068588,131422,179658,0.9387773736512912,12,179658,0.9387773736512912,12

99.14817307584404,7045.735718931,132238,174800,0.902441053252469,12,174800,0.902441053252469,12

99.33104482549516,7045.4729504996,138302,178893,0.891295859785108,12,178893,0.891295859785108,12

99.14658496964577,7043.2829793722,121341,161235,0.8800982355510504,11,161235,0.8800982355510504,11

99.21531519583041,7043.0862418409,129763,187454,0.9160854789115541,12,187454,0.9160854789115541,12

99.21477216075058,7042.3545536263,112361,149272,0.9221883037708813,10,149272,0.9221883037708813,10

99.20330446072197,7042.0652234715,125139,158963,0.9217270395320404,11,158963,0.9217270395320404,11

99.14562290599518,7041.7971268666,193865,263172,0.8878240012379749,17,263172,0.8878240012379749,17

99.24861362721889,7040.5506549051,112230,142778,0.9447741245656242,9,142778,0.9447741245656242,9

99.20182852674652,7040.1046317936,157887,231465,0.8991557252972062,13,231465,0.8991557252972062,13

99.21309888381673,7040.099971818,134838,177273,0.9115382903929159,12,177273,0.9115382903929159,12

99.77456287223276,7040.0264704113,149601,193416,0.8825007854225574,12,193416,0.8825007854225574,12

99.12852977590083,7039.8785658896,121218,159188,0.8627184081572044,10,159188,0.8627184081572044,10

99.14422604605686,7039.6397562622,108149,159396,0.9399994452098493,10,159396,0.9399994452098493,10

99.23828156892556,7039.2613800297,135171,177381,0.8829778576765727,11,177381,0.8829778576765727,11

99.47735392646183,7039.2528500768,141926,169493,0.9125107450361456,13,169493,0.9125107450361456,13

99.21217641230801,7038.857029039,120493,152620,0.8884167545002615,10,152620,0.8884167545002615,10

99.2006743587809,7038.5714655775,115811,137087,0.8544266088713507,10,137087,0.8544266088713507,10

99.14339938089057,7038.3630190028,117509,164402,0.9384983277876588,11,164402,0.9384983277876588,11

99.1425263921352,7037.0147375988,111280,156837,0.9015007189072609,10,156837,0.9015007189072609,10

99.1424198745061,7036.8502271883,139972,192089,0.8841911239390735,12,192089,0.8841911239390735,12

99.2343008320385,7036.2381824746,149566,204622,0.9384285198507683,12,204622,0.9384285198507683,12

99.13225977470127,7036.154214232,146290,198320,0.8912434206029121,13,198320,0.8912434206029121,13

99.14189173047673,7036.03453882,138395,184919,0.9234004118645904,12,184919,0.9234004118645904,12

99.19866640500662,7035.9041528623,129790,188851,0.9227444333153556,12,188851,0.9227444333153556,12

99.13193922650635,7035.6646852953,126007,169316,0.9127746871205568,10,169316,0.9127746871205568,10

99.20970415464679,7035.5258965554,112988,139029,0.8263178390625553,9,139029,0.8263178390625553,9

99.12882359817607,7035.3757530809,98429,121974,0.877180505745258,9,121974,0.877180505745258,9

99.14126898386219,7035.0727421478,112452,164701,0.9415395012983317,11,164701,0.9415395012983317,11

99.14126898386219,7034.8878045174,108204,139289,0.9250304979483198,10,139289,0.9250304979483198,10

99.12362883974268,7032.4470232488,126329,180125,0.9136461145105241,12,180125,0.9136461145105241,12

99.20719654772765,7032.1471343028,116900,163873,0.9341830624465355,10,163873,0.9341830624465355,10

99.13928224204082,7032.0043325769,116328,146204,0.8974795406093116,10,146204,0.8974795406093116,10

99.5036954289772,7031.1563493265,132140,159189,0.8800968669592856,11,159189,0.8800968669592856,11

99.12577516882828,7030.7359468835,134045,169035,0.8912753179902272,11,169035,0.8912753179902272,11

99.13808950066257,7030.1622114612,138153,187968,0.926161574486258,13,187968,0.926161574486258,13

99.34291810469207,7030.0293720539,168868,227160,0.8867044081768009,14,227160,0.8867044081768009,14

99.34273315821059,7029.8305669821,104289,132150,0.8943033301690495,9,132150,0.8943033301690495,9

99.12188535052319,7029.8032804902,145588,215015,0.9132208698519109,13,215015,0.9132208698519109,13

99.12465420221746,7029.0298001323,119429,169950,0.9029130278240628,11,169950,0.9029130278240628,11

99.19347176205774,7029.003726485,133638,194273,0.9367470330295276,12,194273,0.9367470330295276,12

99.13724426586043,7028.856794457,141873,186008,0.9112022724549421,13,186008,0.9112022724549421,13

99.13701240659304,7028.4987010261,114321,153546,0.9429676087507982,11,153546,0.9429676087507982,11

99.13594135975076,7026.844530189,157574,222037,0.9143767372789927,14,222037,0.9143767372789927,14

99.19102072790545,7025.7478375081,128671,165625,0.9356187485913687,11,165625,0.9356187485913687,11

99.19066834497505,7025.2797413383,126188,171239,0.8942847180397502,11,171239,0.8942847180397502,11

99.33761938568372,7024.3336042596,120574,145031,0.8927961252011213,11,145031,0.8927961252011213,11

99.11821530624468,7024.2382027848,142131,182397,0.919546052585291,13,182397,0.919546052585291,13

99.20090815903848,7023.6741275606,140153,181579,0.9473218554008833,13,181579,0.9473218554008833,13

99.30921076480224,7022.9234338747,129300,157927,0.872706883217324,11,157927,0.872706883217324,11

99.2236694153627,7022.8125841041,141194,194651,0.9314701757865065,14,194651,0.9314701757865065,14

99.12344305544902,7022.6896579838,122655,158873,0.9338225102930985,11,158873,0.9338225102930985,11

99.18784690184599,7021.5318108681,144809,195007,0.8891436305754477,13,195007,0.8891436305754477,13

99.18784690184599,7021.2199760729,130396,191171,0.948480014724378,14,191171,0.948480014724378,14

99.13224977776957,7021.1430921053,121600,153891,0.8910526315789473,11,153891,0.8910526315789473,11

99.12232468919707,7020.9817318409,103185,137431,0.9274410040219024,9,137431,0.9274410040219024,9

99.2327727231158,7020.2562606746,142277,184417,0.9152849722723982,13,184417,0.9152849722723982,13

99.45642691380252,7019.5924706927,135205,162133,0.8918383195887726,11,162133,0.8918383195887726,11

99.45642691380252,7019.4252103343,134310,171924,0.8858387312932767,11,171924,0.8858387312932767,11

99.33292115744077,7019.283323791,169421,221829,0.8814137562639814,15,221829,0.8814137562639814,15

99.33245867565664,7018.7861868703,169433,221829,0.8813454285764875,15,221829,0.8813454285764875,15

99.11441716449855,7018.4788842727,142974,218973,0.9095709709457663,12,218973,0.9095709709457663,12

99.18554178013721,7018.4697481241,115811,149396,0.921553220333129,10,149396,0.921553220333129,10

99.30349792088857,7017.0233921638,116663,156319,0.9369037312601253,11,156319,0.9369037312601253,11

99.34746924812718,7016.6499106749,138259,180847,0.9345865368619765,12,180847,0.9345865368619765,12

99.128726608406,7015.7017577161,131705,191174,0.9059868645837288,12,191174,0.9059868645837288,12

99.11876993852019,7015.5530526386,120748,160455,0.9218951866697586,11,160455,0.9218951866697586,11

99.11876993852019,7015.326383141,107527,137854,0.9020990076910915,10,137854,0.9020990076910915,10

99.18292058615947,7014.9878233331,199562,251437,0.9063248514246199,17,251437,0.9063248514246199,17

99.18273725559142,7014.7442918527,106821,138186,0.8916130723359639,9,138186,0.8916130723359639,9

99.19417370607441,7014.6000915571,122328,177217,0.94029167484141,11,177217,0.94029167484141,11

99.48689901470112,7014.2650324791,131931,182385,0.9251881665416013,12,182385,0.9251881665416013,12

99.12752100064795,7013.8397652097,146173,199112,0.9193421493709508,13,199112,0.9193421493709508,13

99.12735722222048,7013.5868187579,118350,153086,0.9006506125897761,10,153086,0.9006506125897761,10

99.12717266219968,7013.301776319,121262,154546,0.9307614916461876,11,154546,0.9307614916461876,11

99.23144460301788,7013.2323285232,152732,187186,0.9170245920959589,14,187186,0.9170245920959589,14

99.3268950631741,7012.8056763454,171096,223552,0.9512495908729602,15,223552,0.9512495908729602,15

99.1808926585551,7012.29397791,122499,172560,0.94239952979208,11,172560,0.94239952979208,11

99.29874315702409,7012.1128247564,140182,184878,0.9195260447133012,13,184878,0.9195260447133012,13

99.32601359922447,7011.8581616785,130543,185368,0.9299924162919497,12,185368,0.9299924162919497,12

99.1162302879652,7011.6745954971,150926,197533,0.8680346659952559,12,197533,0.8680346659952559,12

99.10957579588752,7011.1376669804,147697,219088,0.9618069425919281,14,219088,0.9618069425919281,14

99.48350491877014,7010.8517593341,134909,194044,0.9357344580420877,11,194044,0.9357344580420877,11

99.10909198988102,7010.4040469431,108131,154252,0.8947572851448706,10,154252,0.8947572851448706,10

99.29655317755758,7009.8510843004,117449,137151,0.9017190440105919,11,137151,0.9017190440105919,11

99.12466565861511,7009.4298520909,135421,175707,0.9315172683704891,12,175707,0.9315172683704891,12

99.12462712144314,7009.370333624,199566,265716,0.8605423769579988,16,265716,0.8605423769579988,16

99.21378461761233,7008.2616230429,133872,179105,0.9185191825026892,12,179105,0.9185191825026892,12

99.22670911966748,7007.1327235247,127581,176871,0.8980725970167972,12,176871,0.8980725970167972,12

99.338494579058,7006.751441555,130935,171624,0.8892962156795357,11,171624,0.8892962156795357,11

99.3211721278593,7006.6539044542,140519,184124,0.9121044129263658,12,184124,0.9121044129263658,12

99.10633688119803,7006.2263333396,106162,144281,0.9105894764605038,10,144281,0.9105894764605038,10

99.32059318706874,7006.0315819071,110253,162710,0.9323918623529518,10,162710,0.9323918623529518,10

99.10608139169852,7005.8389214149,126907,165459,0.9529734372414446,12,165459,0.9529734372414446,12

99.12230343032783,7005.7815250625,107930,153242,0.9110441953117762,10,153242,0.9110441953117762,10

99.47786033456129,7005.1752822732,152069,201941,0.9366274520119157,14,201941,0.9366274520119157,14

99.51949062924264,7004.1425697295,134699,188092,0.9275347255733153,12,188092,0.9275347255733153,12

99.10383337661902,7002.4301400349,190524,270033,0.9274527093699482,17,270033,0.9274527093699482,17

99.2891706044871,7002.2265999441,132489,161003,0.8812278755217414,11,161003,0.8812278755217414,11

99.52098088944236,7002.1566410916,124731,140995,0.7289767579831798,9,140995,0.7289767579831798,9

99.1840983586801,7001.0245174917,126889,185721,0.9355184452553019,12,185721,0.9355184452553019,12

99.22163082557991,7000.5915564023,114951,146563,0.837408982957956,9,146563,0.837408982957956,9

99.11887902481259,7000.4927258111,115683,172602,0.8641373408365965,10,172602,0.8641373408365965,10

99.1187664646472,7000.3188830475,116030,168753,0.9432560544686719,11,168753,0.9432560544686719,11

99.39239906012871,7000.2611449944,118708,146202,0.8849024497085285,10,146202,0.8849024497085285,10

99.4345960294046,6999.0829275228,140665,189543,0.9451178331496819,13,189543,0.9451178331496819,13

99.10731939937016,6998.0662274322,116870,153566,0.9257807820655429,10,153566,0.9257807820655429,10

99.10731939937016,6997.8246435561,114464,145282,0.9325115320100643,11,145282,0.9325115320100643,11

99.16991086533605,6997.7060540922,124676,157499,0.8727501684365876,11,157499,0.8727501684365876,11

99.16963945837458,6997.345524259,142401,194373,0.8970021277940464,12,194373,0.8970021277940464,12

99.16957607868775,6997.2613323584,144961,198002,0.8882664992653196,13,198002,0.8882664992653196,13

99.52225249421957,6997.1463367179,138769,181082,0.9285719433014579,12,181082,0.9285719433014579,12

99.11624323345448,6996.421896203,156228,223391,0.9144775584402284,14,223391,0.9144775584402284,14

99.10605371224642,6996.1333184915,170689,237938,0.9156301812067561,16,237938,0.9156301812067561,16

99.10239806330009,6995.1552504879,132721,167108,0.94734066199019,14,167108,0.94734066199019,14

99.203082500301,6994.7185893954,119665,158348,0.91423557431162,10,158348,0.91423557431162,10

99.10176294273937,6994.1885768414,117183,153116,0.9022554466091498,10,153116,0.9022554466091498,10

99.09824593577473,6993.957614879,101781,124155,0.943231054912017,10,124155,0.943231054912017,10

99.21188529150226,6993.4965650872,141925,188916,0.9646926193412013,13,188916,0.9646926193412013,13

99.49317409121068,6993.1464733161,156124,209184,0.9103661192385539,14,209184,0.9103661192385539,14

99.11395847969983,6992.893224177,143525,200332,0.9215955408465424,13,200332,0.9215955408465424,13

99.11395847969983,6992.651781618,130780,174230,0.9085410613243615,12,174230,0.9085410613243615,12

99.17785942589268,6992.6181478818,130726,159428,0.8599283998592476,11,159428,0.8599283998592476,11

99.10358176749108,6992.3582590563,157294,229981,0.9362149859498773,14,229981,0.9362149859498773,14

99.11338394166569,6992.0058829111,126468,152723,0.8920991871461555,10,152723,0.8920991871461555,10

99.11329975514586,6991.8758616268,155955,224867,0.9181494661921709,14,224867,0.9181494661921709,14

99.38959508132814,6991.8551779821,141194,185286,0.899563720837996,13,185286,0.899563720837996,13

99.20056212334487,6991.529169122,122184,162268,0.9084168139854646,11,162268,0.9084168139854646,11

99.10286312872981,6991.2607814406,113969,136154,0.8609446428414744,11,136154,0.8609446428414744,11

99.2770987776632,6989.7592049191,135634,187405,0.9342568972381556,14,187405,0.9342568972381556,14

99.19909228277396,6989.6691539746,146745,197162,0.928862993628403,13,197162,0.928862993628403,13

99.10180967645631,6989.6519894415,123502,150205,0.914479117747081,11,150205,0.914479117747081,11

99.3859319442278,6988.2014288687,144170,171185,0.9038981757647222,12,171185,0.9038981757647222,12

99.32139786346677,6987.8948898508,123832,181420,0.8987337683312876,11,181420,0.8987337683312876,11

99.21168345776854,6987.7787113484,144011,191867,0.9060002360930762,13,191867,0.9060002360930762,13

99.11049147094947,6987.5386266558,138829,196518,0.8916148643294989,12,196518,0.8916148643294989,12

99.09732161104786,6987.4287290785,108740,139419,0.8920728342836123,9,139419,0.8920728342836123,9

99.09981756079982,6986.6097066442,170646,215474,0.9180467165945876,15,215474,0.9180467165945876,15

99.16127226253965,6986.2307624916,136972,184401,0.9209473469030167,12,184401,0.9209473469030167,12

99.16099737369348,6985.8656074148,151050,181293,0.8957298907646475,14,181293,0.8957298907646475,14

99.45814172548064,6985.3452597281,127672,171708,0.8542906823735823,11,171708,0.8542906823735823,11

99.17213809442067,6984.9091969036,135513,194315,0.9072413716765181,12,194315,0.9072413716765181,12

99.10871705459158,6984.7981416684,136036,188315,0.937193095945191,12,188315,0.937193095945191,12

99.17141227446507,6983.9312234224,108409,147311,0.9207538119528822,10,147311,0.9207538119528822,10

99.09743076011537,6982.9646759758,113294,137181,0.9237911981217011,12,137181,0.9237911981217011,12

99.41714228230848,6982.685590016,131971,195692,0.9105106424896379,12,195692,0.9105106424896379,12

99.10709150400025,6982.2875713775,120311,192495,0.9285933954501251,11,192495,0.9285933954501251,11

99.29830775507916,6982.0762361701,124639,177083,0.9467421914489045,12,177083,0.9467421914489045,12

99.41595386029545,6981.5690987124,145625,191346,0.901761373390558,13,191346,0.901761373390558,13

99.1064450342372,6981.2891356538,121213,158899,0.8952175096730549,11,158899,0.8952175096730549,11

99.2019485586586,6980.7662327539,153948,213006,0.9156468417907345,13,213006,0.9156468417907345,13

99.45357192727704,6980.7496413945,144309,184556,0.9211275804003908,14,184556,0.9211275804003908,14

99.10603415339537,6980.6545535989,107157,132518,0.8688373134746213,10,132518,0.8688373134746213,10

99.16873716906821,6980.3267728733,122654,184849,0.9497121985422408,10,184849,0.9497121985422408,10

99.26780049549289,6980.1562377326,152844,194089,0.9083967967339248,14,194089,0.9083967967339248,14

99.31431687471193,6980.0850254438,140899,173248,0.8836187623758863,11,173248,0.8836187623758863,11

99.10503708559906,6979.1146391842,138949,184086,0.8948679011723726,12,184086,0.8948679011723726,12

99.09461749360608,6978.6683630195,117900,169767,0.9058693808312129,11,169767,0.9058693808312129,11

99.09461749360608,6978.5383769091,123616,152729,0.8724841444473207,11,152729,0.8724841444473207,11

99.2659364343106,6978.2310952128,124122,165659,0.9083643512028489,11,165659,0.9083643512028489,11

99.18878446989747,6976.625094322,117947,142455,0.8511958761138477,9,142455,0.8511958761138477,9

99.26396348808017,6976.1934997124,133871,163784,0.907649901771108,11,163784,0.907649901771108,11

99.10311462994014,6976.1455159292,139806,180333,0.8931662446533053,12,180333,0.8931662446533053,12

99.16563320338075,6976.1444737984,126805,162424,0.8720082015693388,11,162424,0.8720082015693388,11

99.08954061825968,6975.5858111553,131399,176931,0.9453724914192649,14,176931,0.9453724914192649,14

99.292111553587,6975.4157348583,129229,159082,0.9142762073528388,11,159082,0.9142762073528388,11

99.20206113911661,6975.3845503719,141984,186436,0.8781552851025468,12,186436,0.8781552851025468,12

99.10244446918115,6975.1104908118,128970,169907,0.9036132433899356,11,169907,0.9036132433899356,11

99.09219445764325,6974.9679952206,117170,151100,0.9151745327302211,11,151100,0.9151745327302211,11

99.10167008346778,6973.9144961894,125702,167474,0.9595471830201587,12,167474,0.9595471830201587,12

99.15090498630188,6972.4591467875,140809,184548,0.9220220298418424,12,184548,0.9220220298418424,12

99.18539071103845,6972.3304497127,136287,177191,0.9319964486708197,11,177191,0.9319964486708197,11

99.18519638701547,6972.0845416643,124483,188174,0.9338544218889326,12,188174,0.9338544218889326,12

99.25971821668644,6971.8091197651,130113,165404,0.9193700860021673,12,165404,0.9193700860021673,12

99.10025441787407,6971.7280813215,94440,130815,0.9596463362981787,9,130815,0.9596463362981787,9

99.30619926364305,6971.1318348723,130178,163192,0.8839051145354822,11,163192,0.8839051145354822,11

99.08287163477728,6970.6447681599,122261,166652,0.9186821635681043,12,166652,0.9186821635681043,12

99.08570741877998,6969.7515599155,122122,145597,0.856094724947184,10,145597,0.856094724947184,10

99.28646703255966,6969.3482530705,122701,170485,0.9344585618699114,12,170485,0.9344585618699114,12

99.1602987679394,6968.9568284898,119060,155021,0.9010162943053922,10,155021,0.9010162943053922,10

99.08138264781743,6968.3869403232,136083,169023,0.8717179956350168,11,169023,0.8717179956350168,11

99.08779008965605,6968.2418129747,160620,210826,0.9398580500560328,15,210826,0.9398580500560328,15

99.28462044033647,6967.363290196,146277,181420,0.865727352898952,12,181420,0.865727352898952,12

99.08408903855174,6967.2883338551,121394,140865,0.8725060546649752,10,140865,0.8725060546649752,10

99.25526000726542,6967.2048242623,130507,183871,0.9646072624456926,12,183871,0.9646072624456926,12

99.56253735009467,6967.0241025855,143802,175226,0.9007663314835677,12,175226,0.9007663314835677,12

99.1949748871133,6966.2570052109,152565,190903,0.9216399567397503,13,190903,0.9216399567397503,13

99.07985409455222,6966.069116054,122779,164287,0.9157429202062242,11,164287,0.9157429202062242,11

99.28306387839078,6965.6900904309,137453,166065,0.9245560300611846,12,166065,0.9245560300611846,12

99.14539322433437,6965.1374678886,112499,159665,0.9453772922425977,10,159665,0.9453772922425977,10

99.43803615754763,6965.1260919479,131531,186178,0.8337806296614486,10,186178,0.8337806296614486,10

99.15727903122847,6964.8880199641,125826,183374,0.8980417401808847,11,183374,0.8980417401808847,11

99.1450681945332,6964.7057068926,134101,167764,0.9120811925339856,11,167764,0.9120811925339856,11

99.19329075968845,6964.0877415268,151536,203488,0.925001319818393,13,203488,0.925001319818393,13

99.09485721265925,6963.3924053121,203537,264979,0.9378049199899773,17,264979,0.9378049199899773,17

99.09485721265925,6963.1242233166,108635,138256,0.9143370000460257,10,138256,0.9143370000460257,10

99.25075670779893,6962.5539612087,131576,160348,0.8977017085182708,11,160348,0.8977017085182708,11

99.09404363424905,6962.135879802,114145,144241,0.8386175478557975,10,144241,0.8386175478557975,10

99.19177099504432,6962.1301876017,117323,163415,0.902448795206396,11,163415,0.902448795206396,11

99.19177099504432,6961.8734304753,131011,163278,0.9319141140820236,12,163278,0.9319141140820236,12

99.08039958049761,6961.6728616261,134787,162613,0.9313657845341168,12,162613,0.9313657845341168,12

99.09316396167422,6960.7772756196,122582,145490,0.8745737547111322,10,145490,0.8745737547111322,10

99.09309097226136,6960.6645476292,152585,211848,0.9532129632663762,15,211848,0.9532129632663762,15

99.09287689923036,6960.3339240272,119069,159062,0.9224147343137172,11,159062,0.9224147343137172,11

99.27733626576946,6959.5332907487,147158,194517,0.9022683102515664,13,194517,0.9022683102515664,13

99.09209299121306,6959.1232227488,113096,158545,0.9097050293555917,10,158545,0.9097050293555917,10

99.081676381175,6958.9051913388,126634,162649,0.8998057393748914,12,162649,0.8998057393748914,12

99.17470620311897,6958.8096999348,136537,189607,0.898562294469631,12,189607,0.898562294469631,12

99.09184266257016,6958.7366044195,109831,128733,0.9309575620726389,10,128733,0.9309575620726389,10

99.17462796081394,6958.7106879226,128968,180185,0.9092875752124558,12,180185,0.9092875752124558,12

99.14001727140825,6957.9961941303,129274,178311,0.8938456302117982,11,178311,0.8938456302117982,11

99.27568295019886,6957.7560873216,114336,141022,0.9691523229778898,11,141022,0.9691523229778898,11

99.08055209170588,6957.1882194853,116837,145504,0.918262194339122,10,145504,0.918262194339122,10

99.18789978813847,6957.1438258629,132723,176724,0.9128560987922214,12,176724,0.9128560987922214,12

99.24542464000352,6957.0471728431,118246,151301,0.890643235289143,10,151301,0.890643235289143,10

99.24542464000352,6957.0186353273,139037,183213,0.8758388054978171,12,183213,0.8758388054978171,12

99.07724908635353,6956.8777095701,138629,188504,0.983445022325776,16,188504,0.983445022325776,16

99.15119555609535,6956.6911147843,120391,151156,0.9367726823433645,11,151156,0.9367726823433645,11

99.15116071660589,6956.6441718799,121806,158040,0.9071802702658326,11,158040,0.9071802702658326,11

99.07698255513732,6956.4720406017,131226,164070,0.9109551460838553,11,164070,0.9109551460838553,11

99.07322400781125,6956.01557307,157965,217446,0.9201342069445764,13,217446,0.9201342069445764,13

99.17071703791935,6955.943099632,141862,187558,0.9248565507324019,12,187558,0.9248565507324019,12

99.13842330161457,6955.8788067916,140998,196326,0.9111618604519213,12,196326,0.9111618604519213,12

99.29233507770795,6955.8405505594,120314,144004,0.8779277557059029,11,144004,0.8779277557059029,11

99.0764895988957,6955.7217455599,129838,187966,0.9427748424960335,12,187966,0.9427748424960335,12

99.35321230062348,6955.5656400527,182899,255032,0.9570582671310396,17,255032,0.9570582671310396,17

99.24303317519704,6954.5773447992,149661,203802,0.935320490976273,12,203802,0.935320490976273,12

99.07219384712515,6954.4534872116,110217,153940,0.9269078272861718,10,153940,0.9269078272861718,10

99.07535888214636,6954.0007587885,108067,150618,0.9111847279928192,10,150618,0.9111847279928192,10

99.08876140474251,6953.9777772246,120507,159298,0.9071340254093123,11,159298,0.9071340254093123,11

99.13669156449149,6953.5784129743,101246,129045,0.9135373249313553,9,129045,0.9135373249313553,9

99.14845809771165,6953.0026495052,135497,182811,0.8951120689018945,12,182811,0.8951120689018945,12

99.08770519533446,6952.3465219595,134156,166113,0.8697188347893497,12,166113,0.8697188347893497,12

99.08770519533446,6951.4066079187,122671,160805,0.9123998337015269,12,160805,0.9123998337015269,12

99.23882192484636,6950.2281006925,121876,150858,0.8495766188585119,10,150858,0.8495766188585119,10

99.547917645121,6949.5610643339,161641,204615,0.9684733452527514,16,204615,0.9684733452527514,16

99.07554509581482,6949.5417269657,145110,175463,0.8316242850251533,11,175463,0.8316242850251533,11

99.38159970940642,6949.2942752155,116476,164601,0.9223788591641197,10,164601,0.9223788591641197,10

99.08520720588508,6948.4885195497,141153,195751,0.9444645172259888,13,195751,0.9444645172259888,13

99.0851607456721,6948.4167643973,162010,228054,0.9465341645577433,15,228054,0.9465341645577433,15

99.23657278003049,6947.9052561639,111374,137717,0.9327042218111947,10,137717,0.9327042218111947,10

99.18049473552567,6947.6056451559,148871,201851,0.9393233067555131,13,201851,0.9393233067555131,13

99.26622716639403,6947.5917534929,121603,165861,0.9060467258209091,11,165861,0.9060467258209091,11

99.14428561605695,6947.3806266088,129363,166626,0.8992370306811066,11,166626,0.8992370306811066,11

99.07410046197516,6947.3355374483,115239,140314,0.8792162375584655,10,140314,0.8792162375584655,10

99.08437053307983,6947.196326062,108875,127300,0.8838025258323766,10,127300,0.8838025258323766,10

99.17993628687317,6946.8863276248,138213,182036,0.9424945555049091,13,182036,0.9424945555049091,13

99.06707539457507,6946.6921132305,100079,135854,0.9664964677904455,10,135854,0.9664964677904455,10

99.34381764331964,6946.1950596309,149503,212565,0.9354728667652155,14,212565,0.9354728667652155,14

99.07230625496742,6944.5954931659,135350,183902,0.9455559660140377,12,183902,0.9455559660140377,12

99.12984427505826,6944.4826546935,129401,187882,0.948392979961515,12,187882,0.948392979961515,12

99.33563019137215,6944.1618367702,160804,209718,0.8939081117385139,13,209718,0.8939081117385139,13

99.12929989258552,6943.759511407,149163,200022,0.8930364768742919,13,200022,0.8930364768742919,13

99.3335978856916,6942.2895394836,138779,181791,0.9232808998479597,12,181791,0.9232808998479597,12

99.08068005872201,6941.4965986395,105105,150973,0.9107939679368251,9,150973,0.9107939679368251,9

99.06991637567661,6940.9457609677,103007,138040,0.8973759064917918,10,138040,0.8973759064917918,10

99.27871411973724,6940.8175306779,133891,176538,0.9084703228745771,12,176538,0.9084703228745771,12

99.08015323360307,6940.6829472532,124197,159780,0.915569619233959,11,159780,0.915569619233959,11

99.12680787206584,6940.4491772231,111938,158286,0.8377673354892887,9,158286,0.8377673354892887,9

99.25955351630778,6940.4180269428,133245,178717,0.882344553266539,12,178717,0.882344553266539,12

99.07989151318243,6940.2787349721,130590,163894,0.9138142277356612,12,163894,0.9138142277356612,12

99.06626983726638,6940.1669440756,160413,214084,0.9558327566967765,15,214084,0.9558327566967765,15

99.13885633393211,6940.0651843989,120581,154111,0.9139416657682388,11,154111,0.9139416657682388,11

99.15799809341993,6939.8813229419,126899,178763,0.9259017013530445,11,178763,0.9259017013530445,11

99.06900100062612,6939.5478352197,144726,197558,0.8814311181128477,13,197558,0.8814311181128477,13

99.2272282544864,6938.2545303062,120025,149088,0.8712601541345553,10,149088,0.8712601541345553,10

99.06137904678404,6938.054446846,150826,209331,0.9396589447442748,13,209331,0.9396589447442748,13

99.0679642470481,6937.9645448293,135213,177465,0.9148158830881646,12,177465,0.9148158830881646,12

99.17257498240969,6937.4044973282,110599,149010,0.8991672619101438,10,149010,0.8991672619101438,10

99.06444387496619,6937.3877715149,144237,185808,0.8880384367395329,12,185808,0.8880384367395329,12

99.15754618548102,6937.094492607,126539,161299,0.8892120215901816,11,161299,0.8892120215901816,11

99.1674859010469,6936.6147906865,124335,153062,0.9096151526118953,10,153062,0.9096151526118953,10

99.15664041239936,6935.948278735,150035,209549,0.9566501149731729,13,209549,0.9566501149731729,13

99.12311060325798,6935.5378230729,127951,180107,0.9309344983626544,11,180107,0.9309344983626544,11

99.17108886308107,6935.4902807183,145947,179155,0.9177030017746168,13,179155,0.9177030017746168,13

99.15579485572094,6934.8782659316,116812,135110,0.8848405985686402,10,135110,0.8848405985686402,10

99.06200756329628,6933.6796278464,147466,198467,0.9031166506177695,13,198467,0.9031166506177695,13

99.06200756329628,6932.8437641817,121195,136332,0.8857956186311317,11,136332,0.8857956186311317,11

99.40573310517382,6932.6405218842,118647,147868,0.8768868997951907,10,147868,0.8768868997951907,10

99.40525498159124,6932.1596968228,136158,192458,0.951189059768798,13,192458,0.951189059768798,13

99.07443790437502,6931.8559468269,125176,162346,0.9325589569885601,10,162346,0.9325589569885601,10

99.40486072823285,6931.7632158665,148439,200362,0.9056514797324153,13,200362,0.9056514797324153,13

99.50120404726492,6931.1356245616,172513,244515,0.938190165378841,17,244515,0.938190165378841,17

99.32213247601298,6930.9616991337,136446,187003,0.9570452779854302,12,187003,0.9570452779854302,12

99.11942375178735,6930.6403070381,144868,197277,0.9035052599607919,12,197277,0.9035052599607919,12

99.07342390141517,6930.2898770168,118878,144839,0.9263194199094871,11,144839,0.9263194199094871,11

99.16700066207028,6930.2244167135,137111,184892,0.920976435151082,12,184892,0.920976435151082,12

99.21929556429549,6930.0619026564,117604,140505,0.8250314615149145,9,140505,0.8250314615149145,9

99.21929556429549,6929.9608001445,188266,266552,0.9122358790222345,16,266552,0.9122358790222345,16

99.06224310196583,6929.2274309936,118902,157822,0.9276378866629661,11,157822,0.9276378866629661,11

99.07257789901733,6928.9832745048,153837,212686,0.9018636608878228,14,212686,0.9018636608878228,14

99.11772584293702,6928.3848498041,119444,157531,0.8614915776430796,11,157531,0.8614915776430796,11

99.12992588218725,6928.0322485253,128502,158139,0.9073633095204744,11,158139,0.9073633095204744,11

99.12942405248843,6927.3560806496,131532,182042,0.9653316303257002,13,182042,0.9653316303257002,13

99.35761492345598,6926.7611980435,137591,190674,0.9567050170432659,13,190674,0.9567050170432659,13

99.14885043995373,6926.0904295006,113923,163641,0.8881700797907358,11,163641,0.8881700797907358,11

99.14879954286367,6926.0260215911,135426,165732,0.9612260570348382,13,165732,0.9612260570348382,13

99.05651860783306,6925.3252634607,93847,129865,0.85773652860507,9,129865,0.85773652860507,9

99.07005710873194,6925.0900575026,134081,171080,0.9183404061723883,12,171080,0.9183404061723883,12

99.14792663760304,6924.9214004239,140586,175891,0.9142019831277652,12,175891,0.9142019831277652,12

99.1145057218041,6924.1073260123,146246,185753,0.9338853712238283,13,185753,0.9338853712238283,13

99.427459982885,6923.5046640945,143329,199625,0.9290652973229423,13,199625,0.9290652973229423,13

99.39637904345595,6923.2336081412,124208,149391,0.9297871312636867,11,149391,0.9297871312636867,11

99.12627299292338,6923.1103270457,147380,211253,0.9440154702130547,13,211253,0.9440154702130547,13

99.11368847349812,6923.0217149659,114253,146039,0.9327632534813091,12,146039,0.9327632534813091,12

99.06867501509672,6922.9554926122,110858,150951,0.9211513828501326,10,150951,0.9211513828501326,10

99.16083930493959,6922.2881952191,116546,148262,0.9538980316784789,11,148262,0.9538980316784789,11

99.14568658755623,6922.0867208672,175644,251236,0.9551706861606432,17,251236,0.9551706861606432,17

99.06782043425754,6921.6356411862,156538,210747,0.9177068826738556,14,210747,0.9177068826738556,14

99.06758199684157,6921.2673881795,131483,184849,0.8943437554664861,12,184849,0.8943437554664861,12

99.0675731635563,6921.2537456736,129149,157724,0.9131623163942423,11,157724,0.9131623163942423,11

99.11230580541302,6921.1850152313,129011,173506,0.8904046941733651,11,173506,0.8904046941733651,11

99.0674560550479,6921.0728782533,150772,211892,0.9202968720982676,13,211892,0.9202968720982676,13

99.06733335134608,6920.8833693755,143813,181109,0.9442331360864455,13,181109,0.9442331360864455,13

99.0533704013654,6920.5335933208,129237,162598,0.8300409325502759,10,162598,0.8300409325502759,10

99.05606889010971,6919.7984109186,165882,206738,0.9056739127813747,15,206738,0.9056739127813747,15

99.06662025869959,6919.7820384034,138373,188855,0.8925223851473915,13,188855,0.8925223851473915,13

99.14378621413773,6919.681886347,125364,174866,0.9221467087840209,11,174866,0.9221467087840209,11

99.12319690145638,6918.9655858365,125675,179862,0.904491744579272,12,179862,0.904491744579272,12

99.39182192322654,6918.6507394145,146332,205417,0.8920536861383703,12,205417,0.8920536861383703,12

99.12277518171823,6918.3973585272,144162,183805,0.9643179201176454,15,183805,0.9643179201176454,15

99.06535055633373,6917.8210554263,128062,186581,0.915119239118552,12,186581,0.915119239118552,12

99.15267506977258,6917.6400625519,136207,187093,0.9351868846681889,12,187093,0.9351868846681889,12

99.06505539166977,6917.3651904165,136359,171667,0.9225353662024509,12,171667,0.9225353662024509,12

99.14192388409994,6917.3251939626,125153,162076,0.9125470424200778,11,162076,0.9125470424200778,11

99.109343439208,6917.2498862722,114308,161033,0.9151852888686706,10,161033,0.9151852888686706,10

99.0509794029649,6916.8944178862,109403,135137,0.9101669972487043,11,135137,0.9101669972487043,11

99.20628745355096,6916.6275436694,123542,157873,0.9468035162131098,12,157873,0.9468035162131098,12

99.06429877545722,6916.1966397759,133503,175650,0.9080919529898205,12,175650,0.9080919529898205,12

99.31340923203516,6915.864579846,143376,185176,0.9174896774913515,13,185176,0.9174896774913515,13

99.06407650424687,6915.8533545529,104306,146539,0.946148831323222,10,146539,0.946148831323222,10

99.20490874050542,6915.203653117,122635,171337,0.9144779222897216,11,171337,0.9144779222897216,11

99.3445373305317,6914.475142575,148869,195216,0.9631420913689217,14,195216,0.9631420913689217,14

99.05256138048574,6914.4418764445,160090,214765,0.9385845461927665,14,214765,0.9385845461927665,14

99.06285857947275,6913.9723391168,164203,223140,0.9053184168376948,14,223140,0.9053184168376948,14

99.10685390553869,6913.9428555546,143916,180767,0.8689652297173351,12,180767,0.8689652297173351,12

99.06282862513231,6913.9260763443,148721,206737,0.8931825364272699,12,206737,0.8931825364272699,12

99.04533816307024,6913.7308263236,202100,269280,0.9504799604156359,18,269280,0.9504799604156359,18

99.04886360348401,6913.6741039396,117068,134268,0.8645829774148358,10,134268,0.8645829774148358,10

99.06252834379126,6913.4623089182,112321,153715,0.925793039591884,10,153715,0.925793039591884,10

99.06131439864951,6911.5874397976,147004,191998,0.9026965252646186,11,191998,0.9026965252646186,11

99.14789790339476,6911.5198501483,115314,143037,0.922793416237404,9,143037,0.922793416237404,9

99.05052303946295,6911.3290000367,136155,195312,0.9323124380301862,13,195312,0.9323124380301862,13

99.30167517703002,6910.7498599265,128504,150578,0.9241502210047936,12,150578,0.9241502210047936,12

99.0607592492336,6910.7300431481,143923,181759,0.9077492826025028,12,181759,0.9077492826025028,12

99.4341093822716,6910.6563599972,144890,190847,0.8972323831872455,12,190847,0.8972323831872455,12

99.13572480120001,6909.4805417452,110827,151452,0.8996453932705929,9,151452,0.8996453932705929,9

99.05981251253114,6909.2678622408,115593,149891,0.9189570302699991,11,149891,0.9189570302699991,11

99.19854250765593,6908.6288122985,96792,135028,0.9272357219604926,9,135028,0.9272357219604926,9

99.04868360861084,6908.5198916298,140260,200604,0.9272493939826038,13,200604,0.9272493939826038,13

99.05911702587558,6908.1937227188,120275,149911,0.8783122012055705,10,149911,0.8783122012055705,10

99.0416426167069,6908.1270784897,135916,169959,0.8973925071367609,12,169959,0.8973925071367609,12

99.14982385032953,6908.0995861525,106561,134643,0.8651101247172981,8,134643,0.8651101247172981,8

99.05901199887259,6908.0315144954,136699,181008,0.9492973613559719,12,181008,0.9492973613559719,12

99.10233452093857,6907.9394245179,132793,177195,0.9427228844893932,12,177195,0.9427228844893932,12

99.0589153802517,6907.8822925392,111021,140393,0.8783563469974149,9,140393,0.8783563469974149,9

99.11474541403436,6907.5780089153,100950,138551,0.943764239722635,9,138551,0.943764239722635,9

99.24844057901966,6907.4278083792,119820,149865,0.942914371557336,11,149865,0.942914371557336,11

99.05815390360273,6906.7062352314,125689,177427,0.9274558632815919,11,177427,0.9274558632815919,11

99.05766139987482,6905.9455912785,118878,155169,0.8778663840239573,10,155169,0.8778663840239573,10

99.1311239297515,6905.9440087571,133378,181629,0.9356265651006913,12,181629,0.9356265651006913,12

99.29666202734415,6905.7968612214,150823,188539,0.9264170584062112,13,188539,0.9264170584062112,13

99.05754798406376,6905.7704270189,136645,176660,0.9388634783563248,13,176660,0.9388634783563248,13

99.03973345483848,6905.2321177362,147856,187826,0.9728519640731522,14,187826,0.9728519640731522,14

99.05710741212195,6905.0899887514,135128,173984,0.8472781362855959,11,173984,0.8472781362855959,11

99.3005099285528,6904.8243474018,131168,170229,0.8644791412539644,11,170229,0.8644791412539644,11

99.19403424457796,6903.9728229864,115686,153684,0.966253479245544,11,153684,0.966253479245544,11

99.04248605539723,6903.9672733848,132736,173447,0.9269150795564127,12,173447,0.9269150795564127,12

99.33328896715012,6903.907600273,156797,220026,0.8913754727450143,14,220026,0.8913754727450143,14

99.3332743231972,6903.8938426634,113718,146385,0.9603580787562215,11,146385,0.9603580787562215,11

99.225162354886,6903.4498334368,123977,160470,0.91277414359115,11,160470,0.91277414359115,11

99.04200452329589,6903.234366247,135668,183331,0.9239835480732376,12,183331,0.9239835480732376,12

99.11147998228478,6903.1781496512,109655,155531,0.9524143905886644,11,155531,0.9524143905886644,11

99.11147998228478,6903.1367734835,118115,152009,0.9642551750412733,11,152009,0.9642551750412733,11

99.04189606850456,6903.0692946132,112534,162918,0.8924680540992056,11,162918,0.8924680540992056,11

99.22474608372,6903.0023698334,114776,158573,0.9370774377918729,10,158573,0.9370774377918729,10

99.22439449805985,6902.6244388133,122731,161886,0.9283066217988936,11,161886,0.9283066217988936,11

99.09831859634888,6902.6047764505,113599,134353,0.8469264694231463,10,134353,0.8469264694231463,10

99.09810088808612,6902.3155785492,115781,162459,0.9236144099636382,9,162459,0.9236144099636382,9

99.09810088808612,6901.9292604502,136218,182410,0.8950579218605471,12,182410,0.8950579218605471,12

99.09810088808612,6901.7625858768,177580,239656,0.9305214551188197,15,239656,0.9305214551188197,15

99.14470947391601,6901.5119426898,162903,204348,0.9331749568761778,14,204348,0.9331749568761778,14

99.03676467909084,6900.7304097262,169357,226964,0.9226663202583891,15,226964,0.9226663202583891,15

99.03676467909084,6900.3311525725,136191,193820,0.9063814789523537,12,193820,0.9063814789523537,12

99.3292007523182,6900.0668296906,131678,182021,0.8965430823675937,12,182021,0.8965430823675937,12

99.19006011936044,6899.8684741013,151301,194017,0.9403044262760987,14,194017,0.9403044262760987,14

99.41918043088022,6899.8026643314,166721,204475,0.9268778378248691,14,204475,0.9268778378248691,14

99.18989551069909,6899.6984715627,144265,190390,0.9004886840189928,13,190390,0.9004886840189928,13

99.14328348198941,6899.6751740139,172400,233421,0.9142227378190255,15,233421,0.9142227378190255,15

99.10864539291136,6899.358809585,140052,184848,0.9071273526975695,12,184848,0.9071273526975695,12

99.03585459877682,6899.3504079384,147939,203857,0.9559953764727354,14,203857,0.9559953764727354,14

99.09577575194024,6899.226929156,127802,160075,0.9251498411605452,12,160075,0.9251498411605452,12

99.03572889738966,6899.1598004323,123066,169431,0.8899127297547658,12,169431,0.8899127297547658,12

99.14252375783417,6898.6966007803,123293,167379,0.8939599166213816,11,167379,0.8939599166213816,11

99.05262658990874,6898.1696140874,119483,164806,0.9162223914699162,11,164806,0.9162223914699162,11

99.05262345158063,6898.1647671184,133716,179858,0.9244443447306231,12,179858,0.9244443447306231,12

99.03850382888041,6897.9061982657,137119,178165,0.8663569600128356,11,178165,0.8663569600128356,11

99.32685631210184,6897.8642896125,137425,176795,0.9270802255775877,12,176795,0.9270802255775877,12

99.29478473739414,6897.287816564,163632,210298,0.8811112740784198,13,210298,0.8811112740784198,13

99.09424416454388,6897.1924089449,138268,194455,0.9782523794370354,13,194455,0.9782523794370354,13

99.18724159096915,6896.9575885033,142650,208313,0.9288888888888889,12,208313,0.9288888888888889,12

99.05164609538642,6896.6552961503,112865,149819,0.9208346254374695,10,149819,0.9208346254374695,10

99.14029114223419,6895.8208492961,148523,172342,0.8109518391090942,11,172342,0.8109518391090942,11

99.2174335417918,6895.1418773741,162429,192455,0.938293038804647,15,192455,0.938293038804647,15

99.09225475713384,6894.5497327297,117297,170672,0.9458894941899623,11,170672,0.9458894941899623,11

99.03946855449723,6894.4470136246,140555,191524,0.9349507310305575,12,191524,0.9349507310305575,12

99.1237070875498,6894.2726818801,148202,200651,0.8659262358132819,13,200651,0.8659262358132819,13

99.03924610989758,6894.1073047444,182005,241225,0.9239086838273673,16,241225,0.9239086838273673,16

99.04985780923276,6893.8933900534,123178,154617,0.8967835165370439,10,154617,0.8967835165370439,10

99.03205799207224,6893.5934170891,136110,180112,0.8703695540371759,11,180112,0.8703695540371759,11

99.0388784497427,6893.5458282253,138670,182984,0.935032811711257,13,182984,0.935032811711257,13

99.03885018324598,6893.5026607132,130792,168420,0.9028304483454646,12,168420,0.9028304483454646,12

99.03839061022312,6892.8008183794,117305,150309,0.9046076467328759,11,150309,0.9046076467328759,11

99.04914344945219,6892.7901020649,131583,170554,0.9230599697529316,12,170554,0.9230599697529316,12

99.21503695005785,6892.5657018885,162248,235760,0.9659841723780879,14,235760,0.9659841723780879,14

99.12049332235337,6892.5194323611,140230,165565,0.8903444341439064,12,165565,0.8903444341439064,12

99.28959946263814,6892.1158307705,129741,162304,0.9343461203474615,12,162304,0.9343461203474615,12

99.03773300499832,6891.796548845,143720,192988,0.9308725299192875,14,192988,0.9308725299192875,14

99.11984160551475,6891.6964292945,123477,164425,0.9344250346218324,11,164425,0.9344250346218324,11

99.03747727694203,6891.4060107435,120817,146060,0.892871036360777,10,146060,0.892871036360777,10

99.18157017032807,6891.1003274179,127971,166853,0.946167491072196,13,166853,0.946167491072196,13

99.04803337523732,6891.075655674,117017,170040,0.9634412093969252,12,170040,0.9634412093969252,12

99.21351078870681,6890.9251807251,167243,242530,0.9292107890913222,16,242530,0.9292107890913222,16

99.3642086855941,6890.8814823358,156078,225628,0.9539268827124899,15,225628,0.9539268827124899,15

99.04785337265143,6890.7976519337,127424,161883,0.9144352712204922,11,161883,0.9144352712204922,11

99.08940117851029,6890.7591143181,137476,186756,0.9174183130146353,12,186756,0.9174183130146353,12

99.21289590937576,6890.2642266557,123606,153285,0.8435917350290439,10,153285,0.8435917350290439,10

99.11865889871211,6890.2028798451,123965,159333,0.8840156495785101,10,159333,0.8840156495785101,10

99.03631543096412,6889.631684027,110693,130661,0.9309983467789291,10,130661,0.9309983467789291,10

99.36295881283203,6889.624547582,137594,170601,0.925549079174964,12,170601,0.925549079174964,12

99.10096703690114,6889.0129538405,137025,178289,0.9036599160737092,12,178289,0.9036599160737092,12

99.04647141870177,6888.6633027797,133972,171800,0.8797360642522318,11,171800,0.8797360642522318,11

99.44477907708912,6888.5600350971,152719,193557,0.854654627125636,12,193557,0.854654627125636,12

99.23127934211459,6888.5000939137,143749,195540,0.9216064111750343,13,195540,0.9216064111750343,13

99.04634735236245,6888.4716893859,110259,134028,0.9101025766604087,10,134028,0.9101025766604087,10

99.03223144769339,6888.3594350694,98844,142976,0.9098680749463801,9,142976,0.9098680749463801,9

99.03205537569114,6888.091447895,111189,132748,0.9274478590508054,10,132748,0.9274478590508054,10

99.36123346752876,6887.889453787,130407,184431,0.9606616209252571,11,184431,0.9606616209252571,11

99.23056490184109,6887.7121133285,119158,151104,0.8823494855569916,11,151104,0.8823494855569916,11

99.03495483664338,6887.5538364469,109359,150896,0.9121517204802531,10,150896,0.9121517204802531,10

99.0274496165881,6886.6054993097,139072,175126,0.9231477220432581,12,175126,0.9231477220432581,12

99.04424398637529,6885.2231604343,149220,199395,0.9015145422865568,12,199395,0.9015145422865568,12

99.22826487817457,6885.1753386505,134283,180509,0.9276751338590886,12,180509,0.9276751338590886,12

99.20764945221967,6884.6246368498,108082,170767,0.9521011824355582,10,170767,0.9521011824355582,10

99.11604892082755,6884.5816266823,129884,165176,0.8827107264944104,11,165176,0.8827107264944104,11

99.04320553758902,6883.6193354378,133682,181213,0.9295567092054278,12,181213,0.9295567092054278,12

99.20652184856176,6883.4125384937,131515,181644,0.9393909439987834,12,181644,0.9393909439987834,12

99.40810749301698,6882.1861963661,136877,191438,0.9091593182200077,12,191438,0.9091593182200077,12

99.43871504683156,6881.5418828762,148390,187518,0.8722016308376576,12,187518,0.8722016308376576,12

99.03098426251259,6881.4901275783,122513,170215,0.9084586941793932,11,170215,0.9084586941793932,11

99.08212122859393,6881.0886212885,105381,142610,0.9272639280325675,9,142610,0.9272639280325675,9

99.04149713273529,6880.9808014583,170065,232779,0.9667715285332079,15,232779,0.9667715285332079,15

99.41104243362798,6880.9518082914,124731,140247,0.8103278254804339,10,140247,0.8103278254804339,10

99.0818358832622,6880.7095760927,138167,178598,0.9079374959288398,12,178598,0.9079374959288398,12

99.17146319848213,6880.6621715076,115680,158104,0.9104426002766252,10,158104,0.9104426002766252,10

99.0412841811332,6880.6519098394,118544,165666,0.8729838709677419,11,165666,0.8729838709677419,11

99.20388598834049,6880.5791654209,140478,189666,0.9231053972864078,12,189666,0.9231053972864078,12

99.30820056732738,6880.3377068207,141306,193319,0.8898702107483051,12,193319,0.8898702107483051,12

99.11079730946099,6880.2750834791,125780,166696,0.8603911591667992,11,166696,0.8603911591667992,11

99.04094952698017,6880.1350555632,159638,226818,0.9355416630125659,14,226818,0.9355416630125659,14

99.094211704259,6879.9107844531,133609,172624,0.9080600857726651,12,172624,0.9080600857726651,12

99.04059821733743,6879.5924778319,140066,177846,0.9615110019562206,13,177846,0.9615110019562206,13

99.02269742093732,6879.399499583,131890,173943,0.9135340056107362,11,173943,0.9135340056107362,11

99.04031982120168,6879.1625108587,124324,162353,0.9366654869534442,11,162353,0.9366654869534442,11

99.02928522494827,6878.895422428,124826,158914,0.8903353468027494,11,158914,0.8903353468027494,11

99.12241628128966,6878.8743596341,128247,161631,0.897447893517977,10,161631,0.897447893517977,10

99.11152232171948,6878.8534252203,119277,157414,0.9295924612456719,11,157414,0.9295924612456719,11

99.22227675155966,6878.5708292333,131097,162228,0.9243918625140164,12,162228,0.9243918625140164,12

99.0219490382165,6878.2646882078,129798,169605,0.8899674879428034,11,169605,0.8899674879428034,11

99.0219490382165,6878.1954376369,117746,151691,0.9046167173407165,10,151691,0.9046167173407165,10

99.22192511011546,6878.1829918713,159559,228975,0.8956686868180422,14,228975,0.8956686868180422,14

99.07988633134286,6878.1198428578,136946,186351,0.9438537817826005,12,186351,0.9438537817826005,12

99.16810309871072,6877.1919683822,138403,183575,0.922263245738893,12,183575,0.922263245738893,12

99.0921793695933,6877.1724064399,121927,162262,0.9207886686295899,12,162262,0.9207886686295899,12

99.02810617656762,6877.0948248603,113852,141060,0.9301725046551663,10,141060,0.9301725046551663,10

99.20059476949135,6877.0413257477,149229,200072,0.9038725716851282,13,200072,0.9038725716851282,13

99.20057862801846,6877.0239747462,146988,185159,0.9348246115329143,13,185159,0.9348246115329143,13

99.20051571567147,6876.9563481898,167851,226295,0.8983979839262203,14,226295,0.8983979839262203,14

99.07888704268234,6876.7924142165,146590,175673,0.8807967801350706,12,175673,0.8807967801350706,12

99.07884964005135,6876.7427295502,146896,197959,0.9300525541879969,14,197959,0.9300525541879969,14

99.12539551914858,6876.6343354166,107842,140661,0.8977763765508799,10,140661,0.8977763765508799,10

99.12058087130657,6876.5229449971,141338,180821,0.8964114392449306,12,180821,0.8964114392449306,12

99.02078935901937,6876.5062067412,115439,136967,0.9072064033818726,10,136967,0.9072064033818726,10

99.10732968973961,6875.896093256,112293,151641,0.9116952971244868,10,151641,0.9116952971244868,10

99.02387402454247,6875.6391718433,123793,168435,0.9268133093147432,11,168435,0.9268133093147432,11

99.16637927632861,6875.4116599911,134820,187353,0.9004895416110369,12,187353,0.9004895416110369,12

99.02365064239092,6875.2991771205,131611,183569,0.9442447819711118,12,183569,0.9442447819711118,12

99.02357886511942,6875.1899298357,148081,188720,0.9275869287754674,14,188720,0.9275869287754674,14

99.02357886511942,6874.8874217535,134351,184460,0.9044219990919309,13,184460,0.9044219990919309,13

99.03735459912717,6874.5828942747,136656,175564,0.9531085353003161,13,175564,0.9531085353003161,13

99.03733338830959,6874.5501353752,150323,199830,0.9376076847854287,13,199830,0.9376076847854287,13

99.16547118134345,6874.4738086563,128993,154637,0.9183909204375431,12,154637,0.9183909204375431,12

99.10767732175346,6873.9877558953,123488,166291,0.9252396994039906,11,166291,0.9252396994039906,11

99.19771112439524,6873.9416005419,165344,226437,0.8615976388620089,12,226437,0.8615976388620089,12

99.03687783083413,6873.8465528046,138823,177226,0.9415658788529279,13,177226,0.9415658788529279,13

99.21750222137638,6873.3048367809,157212,204356,0.930221611581813,13,204356,0.930221611581813,13

99.34668910925058,6873.2629174334,173351,223890,0.9215464577648816,15,223890,0.9215464577648816,15

99.19671298773616,6872.8686705322,116242,157694,0.9040536122915985,10,157694,0.9040536122915985,10

99.19671298773616,6872.8041511999,153016,196478,0.9274716369529984,13,196478,0.9274716369529984,13

99.03582774158254,6872.2247497725,131880,180134,0.9139141643918715,12,180134,0.9139141643918715,12

99.01737765443934,6871.3328628644,109111,131892,0.9072779096516391,10,131892,0.9072779096516391,10

99.01725724582751,6871.1502810669,133776,194222,0.9407890802535582,12,194222,0.9407890802535582,12

99.6020864685219,6871.1030047761,159546,203472,0.9011570330813684,14,203472,0.9011570330813684,14

99.47920620968226,6871.0661699486,140925,167101,0.8956111406776655,12,167101,0.8956111406776655,12

99.19502288173483,6871.0519198579,136807,185754,0.9210712902117582,12,185754,0.9210712902117582,12

99.19499229259968,6871.0190385878,137090,180685,0.8936829819826392,11,180685,0.8936829819826392,11

99.21532992152956,6870.9089330671,230380,180685,0.8936829819826392,11,180685,0.8936829819826392,11

99.07427163982291,6870.6614350623,132273,194603,0.9205657995206883,12,194603,0.9205657995206883,12

99.0739852289602,6870.2809744433,133820,176711,0.9329024062173068,12,176711,0.9329024062173068,12

99.16110974808727,6869.9694604683,132615,181509,0.9054330203973909,12,181509,0.9054330203973909,12

99.2965007162704,6869.3460036922,165215,205999,0.8752110885815453,14,205999,0.8752110885815453,14

99.03395769747087,6869.3365731667,112763,139537,0.9179872830627067,10,139537,0.9179872830627067,10

99.03395769747087,6869.2173468953,140982,211439,0.9416663120114624,13,211439,0.9416663120114624,13

99.01597741769696,6869.2096115666,151609,169787,0.8759242525179903,13,169787,0.8759242525179903,13

99.21349807109424,6868.8885226401,139553,171455,0.8996581943777633,12,171455,0.8996581943777633,12

99.15978982010306,6868.6062812392,136247,163336,0.8934141669174367,11,163336,0.8934141669174367,11

99.10337305753995,6868.540908942,122076,165188,0.882884432648514,11,165188,0.882884432648514,11

99.07259606034246,6868.435639573,138913,162644,0.8728340760044057,11,162644,0.8728340760044057,11

99.59938770400494,6868.0252801592,136708,158818,0.8956681393919887,12,158818,0.8956681393919887,12

99.01516124794287,6867.9720112115,150203,198440,0.9206340752182047,13,198440,0.9206340752182047,13

99.15880500699366,6867.5891978897,178928,234246,0.9227454618617544,15,234246,0.9227454618617544,15

99.19171034610828,6867.4911660777,119992,145869,0.898734915661044,10,145869,0.898734915661044,10

99.2944937059724,6867.4604701701,176702,250113,0.8983599506513792,16,250113,0.8983599506513792,16

99.40600800367909,6867.4290254388,140966,183854,0.9178667196345218,13,183854,0.9178667196345218,13

99.26464511868535,6867.2254404859,149494,191841,0.8411374369539915,12,191841,0.8411374369539915,12

99.15819942155652,6866.9637687002,136429,194011,0.9647875451700152,13,194011,0.9647875451700152,13

99.03232331883487,6866.8123684637,123540,158401,0.9185850736603529,11,158401,0.9185850736603529,11

99.26197633931494,6866.4901046674,110254,128782,0.8974731075516534,10,128782,0.8974731075516534,10

99.03196167591236,6866.2538315704,112878,155231,0.9145892025018161,10,155231,0.9145892025018161,10

99.33955072195839,6866.08419705,146846,194182,0.96292714816883,12,194182,0.96292714816883,12

99.10085016462875,6865.348304844,119694,143772,0.8839206643607866,12,143772,0.8839206643607866,12

99.02022495771884,6865.058929029,156120,193625,0.916967717140661,14,193625,0.916967717140661,14

99.02019504604411,6865.013249064,162653,219961,0.9193866697816825,14,219961,0.9193866697816825,14

99.26042189607514,6864.9437030565,141926,178424,0.9316192945619548,12,178424,0.9316192945619548,12

99.15592350829075,6864.6132785763,124185,166032,0.9234770704996578,12,166032,0.9234770704996578,12

99.18885144372867,6864.4180376338,123453,165001,0.9313098912136603,11,165001,0.9313098912136603,11

99.08246803746023,6864.0873083796,146057,201617,0.8909398385561801,12,201617,0.8909398385561801,12

99.0125734881875,6864.0480574309,107538,143286,0.8600680689616693,9,143286,0.8600680689616693,9

99.01943941189721,6863.8592735111,138254,183917,0.9097747623938548,11,183917,0.9097747623938548,11

99.01943941189721,6863.8512188577,145341,168445,0.8570671730619716,12,168445,0.8570671730619716,12

99.01905435667288,6863.2712319076,135692,174928,0.9053591958258409,12,174928,0.9053591958258409,12

99.01189731432228,6863.0227400732,113632,153852,0.9349567023373697,11,153852,0.9349567023373697,11

99.02980884811139,6862.9289116649,105179,126099,0.8869736354215195,9,126099,0.8869736354215195,9

99.15412679842136,6862.7576943293,171230,217365,0.9106289785668399,14,217365,0.9106289785668399,14

99.06822421621752,6862.6281974034,157667,215379,0.9266745736266943,14,215379,0.9266745736266943,14

99.09676241246495,6862.5514916017,128419,177565,0.9214134980026321,12,177565,0.9214134980026321,12

99.02931211257996,6862.1617319325,125640,165634,0.8939748487742757,12,165634,0.8939748487742757,12

99.01828734886521,6862.0998869352,128245,187103,0.9351319739560997,11,187103,0.9351319739560997,11

99.08089215828868,6861.9639608091,131357,174104,0.9247699018704751,11,174104,0.9247699018704751,11

99.0147594255108,6861.7664629007,122199,155907,0.8641560078233046,12,155907,0.8641560078233046,12

99.06751145376316,6861.6813826003,119485,144938,0.9056450600493786,10,144938,0.9056450600493786,10

99.02883242422939,6861.4208805999,104020,132359,0.8283214766391078,8,132359,0.8283214766391078,8

99.1131488549007,6860.8598497023,130674,177099,0.9381514302768722,11,177099,0.9381514302768722,11

99.25784115090876,6860.4389101021,123351,135381,0.9118937017129979,11,135381,0.9118937017129979,11

99.18479289540014,6860.0553701995,140870,194505,0.8879179385248811,12,194505,0.8879179385248811,12

99.01689444831858,6859.9727025232,137009,175201,0.8941237436956696,12,175201,0.8941237436956696,12

99.6838210563697,6859.3626603488,140553,170848,0.9738034762687385,13,170848,0.9738034762687385,13

99.01295625653003,6859.0219824954,157216,191925,0.8328923264807653,13,191925,0.8328923264807653,13

99.01295625653003,6858.9769333912,154379,188999,0.8907105240997805,15,188999,0.8907105240997805,15

99.18376125272741,6858.9464234708,122535,166682,0.9531888848084221,12,166682,0.9531888848084221,12

99.1114538323213,6858.6765523633,134875,165647,0.8727117701575533,13,165647,0.8727117701575533,13

