-0.9122518469475224,-0.21724574071258393,0.26308633274305016,-0.010901813449459077,-0.20299666099647368,0.6537036045976035,-0.4119673295600125,0.2828231749734846,0.06551217820804177,-0.20299666099647368,0.6537036045976035,-0.4119673295600125,0.31193231953501954,0.23643312187173013,1.2950938260389493,0.7301274888027208,0.7352314831396388,-0.3661077619790856,-0.11929315198381163,-0.23744941675531922,0.736633703094382,2.999999999999999,-0.22517455450896778,-0.12801722106643237,-1.621990203236906,-0.1981438113515166,-0.14968178374149887,100.0
1.801671807219284,0.8118130310838656,-0.5486812345910074,-1.4826466291264397,-0.6897926337761324,-0.7346934317158911,-0.9251446258977447,0.1897703526879685,0.45858524745629275,-0.6897926337761324,-0.7346934317158911,-0.9251446258977447,0.30127341726118856,0.23643312187173013,1.5252004445554586,-0.82730726106044,0.8599013823074113,-1.1149645478453971,-0.9713870947253198,-1.1529046491379455,-0.05186830744049606,-0.3333333333333336,-0.784228620876059,-0.6254577978332122,-0.0234111829089144,0.8508528369800407,-0.6365984296475785,99.97819570753374
0.12336929895189469,-0.21724574071258393,-0.46880281136209634,-0.9920650239007796,0.09222772703660251,-0.21404454309833057,-0.15537868139114638,0.6581742832724222,0.06551217820804177,0.09222772703660251,-0.21404454309833057,-0.15537868139114638,-0.9318795842651041,-0.9457324874869207,-0.5807297328099189,-0.6501389970233962,-0.5914816315726453,-0.3661077619790856,-0.28971194053211324,0.007622305963105321,-0.5825664184531267,-0.3333333333333336,-0.22517455450896778,0.2913922303948064,0.2863007087923264,-0.1981438113515166,0.01262376489386099,100.0
1.3615694750425853,-0.21724574071258393,0.4548069135734319,-0.010901813449459077,-0.14444053436654486,-0.7346934317158911,-0.476114491602229,1.4096614546595159,1.6378044552010456,-0.14444053436654486,-0.7346934317158911,-0.476114491602229,0.28487510607067934,0.23643312187173013,2.6477570485645687,-0.7642718960610425,-1.387478845804687,-0.3661077619790856,-0.11929315198381163,0.8068637703921704,0.20656683414534227,-0.3333333333333336,0.05435247867457788,0.3837363859253381,-2.0282406694906028,-0.1981438113515166,-0.14968178374149887,99.8086460023915
0.09135741360200708,-0.21724574071258393,0.19742775265860468,-0.010901813449459077,-0.6974622644872114,-0.7346934317158911,-0.7327031397710951,1.66791158031234,1.6378044552010456,-0.6974622644872114,-0.7346934317158911,-0.7327031397710951,1.2950110754060467,1.418598731230381,-0.5807297328099189,-0.5327503259054365,-1.0686607536652508,-0.3661077619790856,-0.6305495176287165,-0.07202801732592586,-0.8147381374775088,-0.3333333333333336,-0.3649380711007406,-0.4226898696458449,-0.7756865405857033,-0.1981438113515166,-0.4742928810122186,100.0
-1.7785276756906638,-1.2463045125090335,-1.6938113855553192,-1.9732282343521002,-1.5840001418528853,-1.775991208951012,-1.6307634083621265,0.6055823123947954,0.8516583167045437,-1.5840001418528853,-1.775991208951012,-1.6307634083621265,-0.9318795842651041,-0.9457324874869207,-0.5807297328099189,-1.2648016343525277,-1.328231357474033,-1.8638213337117087,-2.164318614563431,-0.9635639918553244,-0.7689382741643749,-0.3333333333333336,-1.0637556540596047,-0.8005413122959266,-1.2367812609952076,-1.247140459683074,-1.9350428187304574,99.70580318582944
0.39705870041658253,-0.21724574071258393,-0.9523393036789024,-0.5014834186751194,0.04886047691292809,-0.21404454309833057,-0.28367300547557944,-0.5894043149006437,-0.32756089104020925,0.04886047691292809,-0.21404454309833057,-0.28367300547557944,-0.9318795842651041,-0.9457324874869207,2.0063960480185536,-0.9272413763033871,-0.07948271603927597,-0.3661077619790856,-0.11929315198381163,0.15017141842173543,1.5286569683356266,-0.3333333333333336,-0.22517455450896778,0.780860198220473,-0.5305929394860512,-0.1981438113515166,-0.14968178374149887,99.70580318582944
-0.4987853583062261,-0.21724574071258393,-0.5084328959516722,0.4796797917762012,0.5647935271488917,1.0008028636759772,0.5502401010732354,-1.1667742421338576,-1.1137070295367113,0.5647935271488917,1.0008028636759772,0.5502401010732354,-0.9318795842651041,-0.9457324874869207,-0.5807297328099189,0.2017880306585605,0.7221019219784173,-0.3661077619790856,0.39196321366109327,0.3042372105874752,1.3158265372169762,-0.3333333333333336,0.1941159952663507,0.49503902885914686,-0.7656986226238113,-0.1981438113515166,0.4995404107999406,99.88862598354525
-0.4020166056454972,-0.21724574071258393,-1.4693851654926666,-0.9920650239007796,-1.2018532724275808,-0.9082430612550778,-1.1175861120243944,1.3707705128300633,1.6378044552010456,-1.2018532724275808,-0.9082430612550778,-1.1175861120243944,0.2856950216302048,0.23643312187173013,1.4412709788351512,-0.16991261517719766,0.09367626146706938,-1.1149645478453971,-0.8009683061770182,-0.4547361429775701,-1.5800983856782207,-0.3333333333333336,-0.6444651042842863,-1.1640169482726626,-0.24347868320323118,-0.1981438113515166,-0.9612095269182982,99.88862598354525
1.228878988439616,1.840871802880315,0.35359872562782246,0.4796797917762012,0.880526658088309,1.8685510113719113,0.8068287492421016,-1.1714839708691673,-1.1137070295367113,0.880526658088309,1.8685510113719113,0.8068287492421016,-0.9318795842651041,-0.9457324874869207,-0.5807297328099189,0.8818826429906532,0.47423377979980924,1.1316058097535373,1.0736383678542998,0.7477501836437893,0.25365043002644366,-0.3333333333333336,0.47364302844989636,1.0501711616643759,1.3248667607080766,1.899849485311598,1.1487626053413802,99.81152151812933
-1.3320718395513917,-2.275363284305483,-1.1240902787020564,-1.4826466291264397,-0.7470328923919056,-0.9082430612550778,-0.6685559777288786,-1.1654897706605913,-1.1137070295367113,-0.7470328923919056,-0.9082430612550778,-0.6685559777288786,0.07169706059405963,0.23643312187173013,1.244036734392429,-1.325123855951664,-2.4400163186028556,-1.8638213337117087,-1.823481037466828,-2.040413812580942,-0.18610230143608913,-0.3333333333333336,-1.0637556540596047,-1.4104145080669093,-2.7612548639998336,-2.2961371080146313,-1.7727372700950976,99.64028332621074
0.08256025426921355,-0.21724574071258393,0.19915886399793092,0.4796797917762012,0.8345464700508111,0.8272532341367903,0.3577986149465859,-0.28983702352441937,-0.7206339602884603,0.8345464700508111,0.8272532341367903,0.3577986149465859,-0.9318795842651041,-0.9457324874869207,-0.5807297328099189,-0.2394143052805505,0.038606946774638135,-0.3661077619790856,0.051125636564490005,0.7314818668547254,0.22997702448394652,-0.3333333333333336,0.1941159952663507,-0.4565891517576648,0.4901339154737008,-0.1981438113515166,0.17492931352922086,99.76405510108286
-1.5656852929444647,-1.2463045125090335,-1.230924578500476,-1.4826466291264397,-0.5409303651461465,-1.0817926907942648,-0.604408815686662,0.862619326100646,0.45858524745629275,-0.5409303651461465,-1.0817926907942648,-0.604408815686662,-0.9318795842651041,-0.9457324874869207,1.4405715666208154,-0.5566712068844044,-0.9428002127413985,-0.3661077619790856,-0.4601307290804149,-1.1045829161011218,-0.36421884902569035,-0.3333333333333336,-0.5047015876925134,-0.38458456549422504,-0.5176920595128488,-1.247140459683074,-0.6365984296475785,99.620332488456
-1.2235735411136048,-1.2463045125090335,-1.3221788762449598,-0.5014834186751194,-0.10693829596310729,-0.7346934317158911,-0.604408815686662,0.1553037014886554,0.45858524745629275,-0.10693829596310729,-0.7346934317158911,-0.604408815686662,1.5262272631922267,1.418598731230381,-0.5807297328099189,-1.222476597308456,-2.293415697989687,-1.1149645478453971,-0.8009683061770182,-0.7527201633713166,0.971766020239091,-0.3333333333333336,-0.22517455450896778,-0.00980916881354918,-1.1944602349717273,-1.247140459683074,-0.4742928810122186,99.6160813996191
0.5468547746110948,0.8118130310838656,1.6919332671419385,0.9702613970018614,0.8837599337802344,1.3479021227543508,0.9351230733265347,-0.5594333138577627,-0.32756089104020925,0.8837599337802344,1.3479021227543508,0.9351230733265347,0.04054026933209213,0.23643312187173013,2.3393162620424395,1.790695243964749,0.23122514046590778,1.1316058097535373,1.7553135220475062,0.7500051978521745,1.6158211211067894,-0.3333333333333336,0.8929335782252149,0.25002255092871506,-0.043306667676288026,0.8508528369800407,0.9864570567060202,99.6080588970892
1.2760415370848703,0.8118130310838656,0.5322123206033055,1.4608430022275216,0.46446799012676326,0.3066043455192299,0.2295042908621528,0.7813408256534045,1.2447313859527949,0.46446799012676326,0.3066043455192299,0.2295042908621528,-0.9318795842651041,-0.9457324874869207,1.614725207990453,0.8983875986755744,0.7425427826566814,1.1316058097535373,0.7328007907576966,0.9639094027618477,-0.17638414997353793,-0.3333333333333336,0.6134065450416692,1.8252719695063029,1.1794097398421726,0.8508528369800407,0.3372348621645807,99.6080588970892
-1.2106221676514366,-0.21724574071258393,-0.19231960030970446,-0.010901813449459077,0.7309312629932934,0.13305471598004306,0.3577986149465859,0.4790618722780623,0.06551217820804177,0.7309312629932934,0.13305471598004306,0.3577986149465859,1.261394537465503,1.418598731230381,-0.5807297328099189,1.4106742917015238,-0.2845007860591825,1.1316058097535373,0.22154442511279163,0.2167748737908242,0.23195091586033548,-0.3333333333333336,-4.837370602037471,0.6561233953386467,-0.24105271186654048,-0.1981438113515166,-0.4742928810122186,99.57064048771755
1.286060524102774,0.8118130310838656,0.2337192653794799,0.9702613970018614,1.149490080181735,0.8272532341367903,0.614387263115452,1.2301208865074005,1.6378044552010456,1.149490080181735,0.8272532341367903,0.614387263115452,1.6565938371567748,1.418598731230381,-0.5807297328099189,0.8264892985686576,-0.5093705308364167,0.38274902388722587,0.7328007907576966,0.7601527617899074,-0.9429183100896059,-0.3333333333333336,0.6134065450416692,1.0410058002045133,0.355308247969387,0.8508528369800407,1.31106815397674,100.0
0.78315624891141,-0.21724574071258393,0.30395292543214475,-0.010901813449459077,0.2254687625271115,-0.21404454309833057,0.037062804735503205,0.43838694229129527,-0.32756089104020925,0.2254687625271115,-0.21404454309833057,0.037062804735503205,0.1717267588561658,0.23643312187173013,2.092423750381869,0.6388302133839379,0.7360197025708921,0.38274902388722587,0.22154442511279163,0.45540369877100556,-0.9437373391465742,-0.3333333333333336,0.1941159952663507,-0.4526342355112858,-0.3099924550578447,-0.1981438113515166,0.01262376489386099,100.0
-1.3987836311584094,-1.2463045125090335,-1.4253036517448232,-0.9920650239007796,-0.46346333534135137,-1.0817926907942648,-0.6685559777288786,-1.112469642625209,-1.1137070295367113,-0.46346333534135137,-1.0817926907942648,-0.6685559777288786,0.385724719892311,0.23643312187173013,-0.5807297328099189,-0.8118423436789522,-0.7294595633804174,-1.1149645478453971,-0.9713870947253198,-1.6250079809077136,-0.7615560355009104,-0.3333333333333336,-0.784228620876059,-1.570620004269436,-0.16762353544433176,-1.247140459683074,-0.7989039782829384,99.54955633245534
-1.3665273802715,-1.2463045125090335,-0.8750575474589807,-1.4826466291264397,-1.2259148589721423,-1.6024415794118252,-1.2458804361088274,0.9366905143923374,0.45858524745629275,-1.2259148589721423,-1.6024415794118252,-1.2458804361088274,-0.9318795842651041,-0.9457324874869207,-0.5807297328099189,-1.1377360851069704,1.3654824938213337,-1.1149645478453971,-1.1418058832736213,-1.1651461548406075,-0.5663396307212657,-0.3333333333333336,-0.784228620876059,-1.9886483738668599,0.9926541473150874,-1.247140459683074,-1.448126172824378,99.57353709195527
-0.738752315661872,-0.21724574071258393,0.8057897376218283,-0.010901813449459077,0.18800412035264982,-0.3875941726375174,0.16535712881993628,0.8650455499945935,0.8516583167045437,0.18800412035264982,-0.3875941726375174,0.16535712881993628,-0.9318795842651041,-0.9457324874869207,-0.5807297328099189,0.42336140834654284,0.9544989801844013,0.38274902388722587,0.39196321366109327,-0.3952198751205488,-0.011824832733623428,-0.3333333333333336,0.1941159952663507,-0.4961383142214547,0.3024071921886191,-0.1981438113515166,0.17492931352922086,99.5722611155679
1.8566540530492437,1.840871802880315,0.9536142809192946,0.4796797917762012,0.3970767496875033,1.8685510113719113,0.8068287492421016,-1.1013375565235675,-1.1137070295367113,0.3970767496875033,1.8685510113719113,0.8068287492421016,-0.9318795842651041,-0.9457324874869207,-0.5807297328099189,-0.05279525839926414,0.3084976959093957,0.38274902388722587,0.7328007907576966,0.2942507190931983,0.3835032393837388,-0.3333333333333336,0.33387951185812353,0.6126820930768331,1.4602472496896175,1.899849485311598,0.9864570567060202,99.74842317012963
-0.3511885739449123,-1.2463045125090335,-0.8800654052620317,-1.4826466291264397,-0.5739962485304305,-0.5611438021767042,-0.347820167517796,-0.8461558905013239,-0.7206339602884603,-0.5739962485304305,-0.5611438021767042,-0.347820167517796,0.19140473228477686,0.23643312187173013,1.057993085379081,-1.1199649958352607,0.08776731841066393,-1.8638213337117087,-0.9713870947253198,-0.8461421805758426,0.47865523493508233,-0.3333333333333336,-0.5047015876925134,-0.9648272776415427,1.162009672824803,-1.247140459683074,-0.9612095269182982,99.5453454688071
0.9705846158073168,0.8118130310838656,0.21059656391847933,-0.010901813449459077,0.24437966570197778,0.3066043455192299,0.42194577698880237,-0.31916578883066715,-0.32756089104020925,0.24437966570197778,0.3066043455192299,0.42194577698880237,1.5188480231564974,1.418598731230381,-0.5807297328099189,0.40029968944432426,0.4708497808202474,0.38274902388722587,0.5623820022093949,-0.513366512395583,0.584204972711564,-0.3333333333333336,0.05435247867457788,-0.6542094111799039,0.9647531996802011,0.8508528369800407,0.4995404107999406,99.49845686363795
0.26998862116512035,-0.21724574071258393,-0.9327406503015303,-1.4826466291264397,0.6438020023416978,-0.04049491355914375,0.8068287492421016,-1.1021225113127857,-1.1137070295367113,0.6438020023416978,-0.04049491355914375,0.8068287492421016,-0.9318795842651041,-0.9457324874869207,-0.5807297328099189,-1.0364453981638928,0.056311288942017965,-0.3661077619790856,-0.4601307290804149,-0.7374988174647171,-0.031418421155440725,-0.3333333333333336,-0.08541103791719495,-1.1944635257249452,0.3623190652519059,-0.1981438113515166,-0.14968178374149887,99.48873321356031
-0.8836610791159434,-1.2463045125090335,-0.015313465863595787,-0.5014834186751194,-1.2235838927756377,-1.0817926907942648,-1.1817332740666109,2.2001822869286474,1.6378044552010456,-1.2235838927756377,-1.0817926907942648,-1.1817332740666109,1.3802822935966945,1.418598731230381,-0.5807297328099189,-0.160054860822916,1.388742269918987,-0.3661077619790856,-0.4601307290804149,-0.4663333589064078,-1.8521212458892955,-0.3333333333333336,-0.3649380711007406,-0.5073125220286843,-1.2512597099570537,-1.247140459683074,-0.7989039782829384,99.48410060363119
-0.5901780691524701,-0.21724574071258393,0.49752826841180464,0.4796797917762012,0.3847075903544397,0.48015397505841667,0.4860929390310189,-0.06498315617651962,0.06551217820804177,0.3847075903544397,0.48015397505841667,0.4860929390310189,-0.9318795842651041,-0.9457324874869207,-0.5807297328099189,0.46731433143077117,-1.2630436106028349,-0.3661077619790856,0.051125636564490005,0.625093517951985,0.6883847753762976,-0.3333333333333336,0.47364302844989636,0.38078589285264264,0.9362212850156184,-0.1981438113515166,0.17492931352922086,99.62508803317961
-1.7061954767321392,-1.2463045125090335,-0.4678136048824813,-0.9920650239007796,-1.4994274247716493,-1.6024415794118252,-1.8232048944887762,1.187519249310734,0.8516583167045437,-1.4994274247716493,-1.6024415794118252,-1.8232048944887762,1.4335768049658495,1.418598731230381,-0.5807297328099189,-1.2353640284596956,1.662710661552141,-0.3661077619790856,-1.1418058832736213,-0.7012575176870993,-1.0096412706404336,-0.3333333333333336,-0.784228620876059,-1.103626004954939,-0.3513385697544421,-1.247140459683074,-1.448126172824378,99.47346018741426
-1.865033075796467,-1.2463045125090335,-0.9646425592691139,-1.4826466291264397,-0.45430865358572525,-0.3875941726375174,-0.5402616536444456,-0.8494384287107823,-0.7206339602884603,-0.45430865358572525,-0.3875941726375174,-0.5402616536444456,-0.9318795842651041,-0.9457324874869207,-0.5807297328099189,-1.3525266042943003,-0.9767566483012549,-1.1149645478453971,-0.9713870947253198,-0.9886912930344727,-0.7888676755629265,-0.3333333333333336,-0.6444651042842863,-0.9865479287724497,0.32345110575965463,-1.247140459683074,-0.9612095269182982,99.46757951376115
0.5534526441106898,0.8118130310838656,0.21140029418316653,0.4796797917762012,0.8703756762648222,1.1743524932151639,0.8709759112843181,-0.5829105980080196,-0.32756089104020925,0.8703756762648222,1.1743524932151639,0.8709759112843181,-0.9318795842651041,-0.9457324874869207,-0.5807297328099189,0.9478572466736668,1.2589076338532672,1.1316058097535373,0.9032195793059982,0.45685335076211026,-0.06629606269550208,-0.3333333333333336,0.47364302844989636,0.8872662781825744,1.2919939285571442,0.8508528369800407,1.1487626053413802,99.50047230102086
0.2726766420723628,0.8118130310838656,0.18258965546437972,1.4608430022275216,0.4089571580438805,0.6537036045976035,0.4860929390310189,3.0178197391889565,2.4239505936975476,0.4089571580438805,0.6537036045976035,0.4860929390310189,0.35456792863034353,0.23643312187173013,-0.5807297328099189,1.7733311262030786,0.8032657946755799,1.1316058097535373,1.5848947334992047,1.2566585687432716,-0.14331825090695555,-0.3333333333333336,0.8929335782252149,0.6587600061695661,-0.3736556758960891,0.8508528369800407,1.1487626053413802,99.49464066216143
-0.9875164323503116,-0.21724574071258393,-0.789862139402139,-0.9920650239007796,-1.6002041165414882,-1.6024415794118252,-1.3100275981510439,-0.30910409562341423,-0.32756089104020925,-1.6002041165414882,-1.6024415794118252,-1.3100275981510439,1.0990512566794617,1.418598731230381,-0.5807297328099189,-0.9782936912849651,1.95047239107017,-0.3661077619790856,-0.9713870947253198,-1.9972463977347128,-0.25212297287017965,-0.3333333333333336,-0.784228620876059,-0.2675064893117359,0.6050257188328568,-0.1981438113515166,-1.123515075553658,99.45920654923543
0.006562572255358261,-1.2463045125090335,-1.03759653714072,-0.9920650239007796,-0.6214614876124755,-1.0817926907942648,-0.604408815686662,0.8117399838540409,1.6378044552010456,-0.6214614876124755,-1.0817926907942648,-0.604408815686662,0.2955340083445104,1.418598731230381,-0.5807297328099189,-0.7035427029518669,-1.6535667042326287,-1.1149645478453971,-0.9713870947253198,-0.6512445239939867,-2.072290367839352,-0.3333333333333336,-0.5047015876925134,-0.9266591970415677,-1.6663396544139248,-1.247140459683074,-1.285820624189018,99.66531507099594
-0.6998981952753672,-0.21724574071258393,1.7660001023031116,1.4608430022275216,0.9747052116728815,1.0008028636759772,1.0634173974109677,-1.117821607097152,-1.1137070295367113,0.9747052116728815,1.0008028636759772,1.0634173974109677,-0.9318795842651041,-0.9457324874869207,-0.5807297328099189,0.8044223989132014,0.8649998840343944,1.1316058097535373,0.5623820022093949,-0.9385172268979041,0.20743431607128796,-0.3333333333333336,0.47364302844989636,0.22271479589419343,-0.5375386398773726,-0.1981438113515166,0.3372348621645807,99.47616405650321
0.36284752523349656,-0.21724574071258393,-0.8723990550450155,-0.010901813449459077,-0.5626421873797156,-0.04049491355914375,-0.28367300547557944,0.6252775416515458,0.06551217820804177,-0.5626421873797156,-0.04049491355914375,-0.28367300547557944,1.4401361294420532,1.418598731230381,-0.5807297328099189,0.4720171133245569,0.2247449794485496,-0.3661077619790856,-0.28971194053211324,-0.5186819030296336,0.9994015350363569,-0.3333333333333336,0.05435247867457788,0.08667823230842717,1.3799023497255223,-0.1981438113515166,0.3372348621645807,99.66592204920474
-0.46237489328994175,-0.21724574071258393,0.11081036028731643,-0.5014834186751194,-0.5089735705166508,-0.04049491355914375,-0.7968503018133116,-0.8503661025525858,-0.7206339602884603,-0.5089735705166508,-0.04049491355914375,-0.7968503018133116,-0.9318795842651041,-0.9457324874869207,-0.5807297328099189,-0.6087183411127447,0.4255205392505023,-0.3661077619790856,-1.4826434603702248,-0.26370422503866014,-0.6737915126833489,-0.3333333333333336,-0.22517455450896778,-0.5398934987250444,-0.12398133427555376,-0.1981438113515166,-1.285820624189018,99.48065818096171
-1.2856423875172036,-1.2463045125090335,-0.6853772049928049,-0.5014834186751194,-1.1875667054167474,-0.7346934317158911,-1.2458804361088274,0.12989971012849916,0.06551217820804177,-1.1875667054167474,-0.7346934317158911,-1.2458804361088274,-0.9318795842651041,-0.9457324874869207,1.2685161618941854,-0.9290049195135568,-0.22352442083798366,-1.1149645478453971,-1.1418058832736213,-0.7299284126222815,-0.8220675369184735,-0.3333333333333336,-0.6444651042842863,-1.6241055382680851,1.6699340507534337,-1.247140459683074,-0.9612095269182982,99.45082780878273
-1.1930278489858495,-1.2463045125090335,-0.4187242333315871,-0.010901813449459077,0.14414811925228901,0.13305471598004306,0.10120996677771973,-1.036114949492155,-1.1137070295367113,0.14414811925228901,0.13305471598004306,0.10120996677771973,0.14056996759419832,0.23643312187173013,0.9439888944423305,0.15760901229097707,-0.1574097317116808,-0.3661077619790856,-0.4601307290804149,-0.5317287709495759,0.5346545833749934,-0.3333333333333336,-0.08541103791719495,-1.2086510030532254,-0.38244596943648035,-1.247140459683074,-0.4742928810122186,99.46251867812856
-0.5615873013208911,-0.21724574071258393,1.0744829476472522,0.4796797917762012,-0.5759512524371762,-0.9082430612550778,-0.7968503018133116,1.3590675505180811,1.2447313859527949,-0.5759512524371762,-0.9082430612550778,-0.7968503018133116,1.531966672108905,1.418598731230381,-0.5807297328099189,-0.447919375590609,-1.7121561540908923,-0.3661077619790856,-0.11929315198381163,-0.3296633906339246,0.39978925155851397,-0.3333333333333336,0.1941159952663507,1.3802497271161336,-0.6159696537797756,-0.1981438113515166,-0.14968178374149887,99.46645554172105
-0.441115091569024,-1.2463045125090335,-0.13142157640840615,-0.5014834186751194,-1.4971340548041208,-1.2553423203334515,-1.3741747601932603,1.4393470175972265,1.2447313859527949,-1.4971340548041208,-1.2553423203334515,-1.3741747601932603,-0.9318795842651041,-0.9457324874869207,1.474842765123274,-0.6528069213669861,0.6589648162760706,-0.3661077619790856,-0.28971194053211324,-1.1727970959047713,-0.8338576700892812,2.999999999999999,-0.5047015876925134,0.5679852618479149,-1.6651561066087315,-1.247140459683074,-0.7989039782829384,99.4617999682829
0.013893538366019543,-0.21724574071258393,-0.09407903180293999,-0.5014834186751194,0.31622605927487923,-0.04049491355914375,0.29365145290436934,0.025286644583586117,0.06551217820804177,0.31622605927487923,-0.04049491355914375,0.29365145290436934,-0.9318795842651041,-0.9457324874869207,-0.5807297328099189,0.4006162228410214,-1.929927374024253,-0.3661077619790856,0.051125636564490005,0.8625948358279738,2.4970688811076465,2.999999999999999,0.33387951185812353,0.24374490609319283,-2.174813402600721,-0.1981438113515166,-0.3119873323768588,99.4327739186847
-0.4284080836438778,-0.21724574071258393,-1.399707934084785,-0.5014834186751194,-0.744137982760763,0.13305471598004306,-0.6685559777288786,-0.8106188464076223,-1.1137070295367113,-0.744137982760763,0.13305471598004306,-0.6685559777288786,0.11761233192748542,0.23643312187173013,2.660346468422615,-0.18677932331548694,-2.1294600359355464,-1.8638213337117087,-0.8009683061770182,-0.9375507922371675,-0.7859523988931779,-0.3333333333333336,-0.5047015876925134,-0.6703429584071959,-0.023885811551879212,-0.1981438113515166,-0.3119873323768588,99.45984298697003
-0.652246915556069,-0.21724574071258393,0.4624732637904481,-0.5014834186751194,-1.1787503897219043,-1.0817926907942648,-1.1817332740666109,1.6132501831722288,1.6378044552010456,-1.1787503897219043,-1.0817926907942648,-1.1817332740666109,0.2299407635824735,0.23643312187173013,-0.5807297328099189,-0.04189746574154909,0.8446980587554273,-0.3661077619790856,-0.28971194053211324,-0.4172062636523036,0.44395079648903063,-0.3333333333333336,-0.22517455450896778,-1.099106100673363,1.0775717282514303,-0.1981438113515166,-0.14968178374149887,99.44803094925628
0.645089720493956,0.8118130310838656,0.19130703756598688,0.4796797917762012,1.644463232763647,1.3479021227543508,2.1539191521286485,0.5425718506784529,0.06551217820804177,1.644463232763647,1.3479021227543508,2.1539191521286485,-0.9318795842651041,-0.9457324874869207,-0.5807297328099189,0.33323982840120636,0.620296509036271,1.1316058097535373,1.2440571564026015,1.4511535442164873,1.4300126002553046,-0.3333333333333336,0.8929335782252149,0.26226395835798333,0.5565579842623258,0.8508528369800407,1.1487626053413802,99.99927653344757
-1.5825465149989857,-1.2463045125090335,-0.1035383187642584,-0.5014834186751194,-1.5359145649927382,-1.9495408384901987,-1.56661624631991,0.7631441464487982,1.2447313859527949,-1.5359145649927382,-1.9495408384901987,-1.56661624631991,1.3893013647514747,1.418598731230381,-0.5807297328099189,-0.8193939261430121,-0.06810086979989605,-0.3661077619790856,-0.8009683061770182,-0.5732049251395164,-1.4836019813823325,-0.3333333333333336,-0.5047015876925134,-0.4203043646083464,-0.042971771806233315,-1.247140459683074,-0.7989039782829384,99.41889808696962
-0.03644576226052126,-0.21724574071258393,0.14704004760321573,-0.010901813449459077,0.2915629330667037,-0.21404454309833057,0.10120996677771973,-0.8328116590846126,-0.7206339602884603,0.2915629330667037,-0.21404454309833057,0.10120996677771973,1.2859920042512667,1.418598731230381,-0.5807297328099189,0.48336709654898213,0.4548886237019635,-0.3661077619790856,-0.28971194053211324,-0.269583369224807,-0.17905472458102858,-0.3333333333333336,0.05435247867457788,-0.8814601542258078,-0.2604412426937182,-0.1981438113515166,-0.4742928810122186,99.43485734918711
-0.28520987894896077,-1.2463045125090335,-2.1001897724621554,-0.9920650239007796,-0.9459733380177602,-1.4288919498726382,-1.053438949982178,0.2841790059730435,0.8516583167045437,-0.9459733380177602,-1.4288919498726382,-1.053438949982178,1.235157239560688,1.418598731230381,-0.5807297328099189,-0.9473186374653186,0.02347027174214403,-0.3661077619790856,-0.6305495176287165,-0.19323503102662548,2.1427869194834748,2.999999999999999,-0.5047015876925134,0.0955924879748687,-1.7779471759540577,-1.247140459683074,-0.9612095269182982,99.43485734918711
-0.2568634766544038,-0.21724574071258393,-0.02508187984979389,-0.5014834186751194,0.657844193864188,0.48015397505841667,0.8709759112843181,-1.110471575889017,-1.1137070295367113,0.657844193864188,0.48015397505841667,0.8709759112843181,-0.9318795842651041,-0.9457324874869207,1.6077310858470941,-0.18732195199553914,0.052060041399330896,0.38274902388722587,0.22154442511279163,0.1450171002311409,-0.5225594878362494,-0.3333333333333336,0.1941159952663507,0.2571790660412104,-0.4731105674919942,-0.1981438113515166,0.17492931352922086,99.60495676294653
0.10259822830502105,-0.21724574071258393,-0.8030927760669896,-0.5014834186751194,-0.7356224368977269,-0.9082430612550778,-0.7968503018133116,-0.2834860256843803,0.06551217820804177,-0.7356224368977269,-0.9082430612550778,-0.7968503018133116,-0.9318795842651041,-0.9457324874869207,2.693218842496402,-0.8803944335922137,0.43334521913880486,-0.3661077619790856,-0.8009683061770182,-0.5152188454953278,-0.7426536466983247,2.999999999999999,-0.5047015876925134,-0.9161755301662456,0.19824858984026092,-0.1981438113515166,-0.6365984296475785,99.40595721677214
0.011449882995799115,0.8118130310838656,0.6030642347057297,-0.010901813449459077,0.607296064006121,1.0008028636759772,0.4860929390310189,-1.087993325106856,-1.1137070295367113,0.607296064006121,1.0008028636759772,0.4860929390310189,0.4964133204282482,0.23643312187173013,1.06498720752244,-0.5046692917127351,-3.6230276928074536,-0.3661077619790856,0.051125636564490005,-0.42203843695598603,0.5834133750394215,-0.3333333333333336,0.1941159952663507,0.2339517801497782,-0.21870996775737941,0.8508528369800407,0.3372348621645807,99.42497036035593
-1.270491724221837,-0.21724574071258393,-0.63690608749167,-0.9920650239007796,-0.38657904708568236,0.3066043455192299,-0.15537868139114638,-0.8423738356078175,-0.7206339602884603,-0.38657904708568236,0.3066043455192299,-0.15537868139114638,-0.9318795842651041,-0.9457324874869207,1.3195732535407056,-0.38538142021459276,0.3789143542443458,-0.3661077619790856,-0.4601307290804149,-1.0924219466201877,0.41817350983656393,2.999999999999999,-0.3649380711007406,-0.9820908009392288,0.6809885697155235,-0.1981438113515166,-0.6365984296475785,99.4235710456489
1.062221692190583,0.8118130310838656,-1.2580659312849127,-0.9920650239007796,-0.7659249974522839,-1.0817926907942648,-0.7327031397710951,0.04298380710414439,0.45858524745629275,-0.7659249974522839,-1.0817926907942648,-0.7327031397710951,0.39556370660661655,0.23643312187173013,-0.5807297328099189,-1.0786799970946224,1.1328499666214888,0.38274902388722587,-0.6305495176287165,-0.3309519701815732,0.011592073754805476,-0.3333333333333336,-0.3649380711007406,-0.10717544021249864,0.7899068552699845,0.8508528369800407,-0.4742928810122186,99.43155179051625
-0.07285622727680563,-0.21724574071258393,1.1482406557835454,0.4796797917762012,-0.7197380301554187,-0.7346934317158911,-0.8609974638555282,0.07623734635648374,0.45858524745629275,-0.7197380301554187,-0.7346934317158911,-0.8609974638555282,1.2802525953345885,1.418598731230381,-0.5807297328099189,-0.4112919396870854,0.4427594398372288,-0.3661077619790856,-0.6305495176287165,-0.15119512328458878,-1.0375028231615633,-0.3333333333333336,-0.08541103791719495,0.7210342429379464,-0.8306254343433902,-0.1981438113515166,-0.3119873323768588,99.40845828516653
1.3557047021540563,0.8118130310838656,0.3390697554584772,0.4796797917762012,0.8227412541523856,1.6950013818327243,1.0634173974109677,-0.8298859185066171,-0.7206339602884603,0.8227412541523856,1.6950013818327243,1.0634173974109677,0.4964133204282482,0.23643312187173013,0.8866370928667872,0.6354387841336117,0.14171153970330683,1.1316058097535373,1.0736383678542998,0.4602358720746879,1.0426435642222023,-0.3333333333333336,0.753170061633442,1.1015850728673027,0.4374491949435203,0.8508528369800407,1.4733737026120999,99.40295085636934
0.5387907118893673,-0.21724574071258393,0.42012286138193106,-0.010901813449459077,-0.5300838530866059,-0.7346934317158911,-0.4119673295600125,1.999733377572808,2.0308775244492967,-0.5300838530866059,-0.7346934317158911,-0.4119673295600125,1.4639136806682915,1.418598731230381,-0.5807297328099189,-0.4537074148444991,-0.9618607122193501,-0.3661077619790856,-0.28971194053211324,-0.33256269461613397,-2.111240677311982,-0.3333333333333336,-0.08541103791719495,-0.5532648822247068,-1.8477631888231383,-0.1981438113515166,-0.4742928810122186,99.60104566231956
0.8432701710188326,0.8118130310838656,0.645167335494343,-0.010901813449459077,-1.1163970439654118,-0.3875941726375174,-0.8609974638555282,-0.6170918111021624,-0.7206339602884603,-1.1163970439654118,-0.3875941726375174,-0.8609974638555282,1.2876318353703176,1.418598731230381,-0.5807297328099189,-0.15783912704603617,0.3080912181921555,-0.3661077619790856,-0.28971194053211324,0.18319126933023167,-1.394276474702537,-0.3333333333333336,-0.22517455450896778,-0.8634433135478591,1.8288552415616826,0.8508528369800407,-0.6365984296475785,99.40777679027819
-0.27323596763488067,-0.21724574071258393,0.38086372922221085,0.4796797917762012,0.16388613946462458,1.1743524932151639,0.42194577698880237,-1.0613762217997262,-1.1137070295367113,0.16388613946462458,1.1743524932151639,0.42194577698880237,1.4204581560134422,1.418598731230381,-0.5807297328099189,0.012320183207000063,0.2804597184244969,0.38274902388722587,0.5623820022093949,0.6138184469100595,0.22665980821431034,-0.3333333333333336,0.33387951185812353,0.8614651579085781,0.0906069009806134,-0.1981438113515166,0.8241515080706604,99.42139323652736
2.3930364068126275,1.840871802880315,-0.11002998628673183,0.4796797917762012,-0.8103637401017708,-0.5611438021767042,-0.8609974638555282,1.1301461901715046,1.6378044552010456,-0.8103637401017708,-0.5611438021767042,-0.8609974638555282,1.4958903874897846,1.418598731230381,-0.5807297328099189,-1.0015815054705388,-0.5188462552245153,-0.3661077619790856,-0.11929315198381163,-0.7106802556292799,-0.3317019542652,-0.3333333333333336,-0.08541103791719495,0.41173468189176715,-0.1709678460853467,1.899849485311598,-0.14968178374149887,99.43369446632875
0.09331233789818343,-0.21724574071258393,-0.507567340282009,-0.010901813449459077,0.37111655357966006,0.13305471598004306,0.42194577698880237,-0.7119286215449928,-1.1137070295367113,0.37111655357966006,0.13305471598004306,0.42194577698880237,-0.9318795842651041,-0.9457324874869207,-0.5807297328099189,-0.5138487602169515,0.5566170528499907,-1.1149645478453971,-0.11929315198381163,-0.798142592425931,0.26038288074604066,-0.3333333333333336,0.05435247867457788,-0.8218225282883469,1.3369756692949515,-1.247140459683074,-0.14968178374149887,99.40485604780635
-0.3460568976674494,-0.21724574071258393,0.3867371426949249,-0.5014834186751194,-1.122487633059504,-0.5611438021767042,-0.6685559777288786,0.045267311945506754,0.45858524745629275,-1.122487633059504,-0.5611438021767042,-0.6685559777288786,0.31603189733264686,1.418598731230381,-0.5807297328099189,-0.3341934480630017,0.5832570237874747,-0.3661077619790856,-0.6305495176287165,-0.905980593319776,0.7936429511276754,-0.3333333333333336,-0.22517455450896778,-0.5353108179951133,1.4969696825270058,-0.1981438113515166,-0.4742928810122186,99.41687748196077
-0.37293710673987407,-0.21724574071258393,1.2526019393829275,0.9702613970018614,1.5268246322981271,1.3479021227543508,1.3841532076220504,-1.0954860753675764,-1.1137070295367113,1.5268246322981271,1.3479021227543508,1.3841532076220504,-0.9318795842651041,-0.9457324874869207,-0.5807297328099189,0.7113615802842489,-0.9080240604972217,0.38274902388722587,0.9032195793059982,1.2868596518912865,0.3780620946870792,-0.3333333333333336,0.8929335782252149,1.049668950077534,0.011006114280120872,-0.1981438113515166,0.8241515080706604,99.41687748196077
-0.24611139302543392,-0.21724574071258393,0.8184021202369195,0.9702613970018614,0.6159995910140366,0.13305471598004306,0.16535712881993628,-1.114967226045449,-1.1137070295367113,0.6159995910140366,0.13305471598004306,0.16535712881993628,1.3196085421918105,1.418598731230381,-0.5807297328099189,1.3508946987824395,0.6157144865639935,0.38274902388722587,0.39196321366109327,0.5056583011293023,0.3605444523584008,-0.3333333333333336,0.47364302844989636,-0.5133390610707855,1.2488001665496993,-0.1981438113515166,0.4995404107999406,99.38644920610453
-1.8293557073912488,-1.2463045125090335,-0.7619788817579913,-0.5014834186751194,-0.13669571119751414,0.13305471598004306,-0.02708435730671332,-0.9060978925870858,-1.1137070295367113,-0.13669571119751414,0.13305471598004306,-0.02708435730671332,0.4644366136067552,0.23643312187173013,-0.5807297328099189,-1.0195786900256034,-0.5419108648301558,-0.3661077619790856,-0.6305495176287165,-1.0230802597123456,-0.1222717214051023,-0.3333333333333336,-0.3649380711007406,-1.177200002427259,0.3789456162833571,-1.247140459683074,-0.4742928810122186,99.38644920610453
-0.5048944967317772,-0.21724574071258393,-1.6996847990280333,-0.9920650239007796,-1.5971400238799542,-0.5611438021767042,-1.2458804361088274,-1.1698427017644382,-1.1137070295367113,-1.5971400238799542,-0.5611438021767042,-1.2458804361088274,-0.9318795842651041,-0.9457324874869207,-0.5807297328099189,-0.7620109432274917,-0.2806528454950386,-1.1149645478453971,-0.9713870947253198,-0.8169075320885643,-2.0278707693476696,-0.3333333333333336,-0.9239921374678319,-0.49117897480139217,-1.0734822411819123,-0.1981438113515166,-1.123515075553658,99.41437372889047
1.222769850014065,0.8118130310838656,1.377612908244273,1.9514246074531818,1.2007901346193195,1.6950013818327243,1.5124475317064834,-0.819181989562731,-1.1137070295367113,1.2007901346193195,1.6950013818327243,1.5124475317064834,-0.9318795842651041,-0.9457324874869207,-0.5807297328099189,2.081951187982768,0.09044164110567228,1.8804625956198489,1.925732310595808,1.3367921093626711,0.36232371018937615,-0.3333333333333336,1.1724606114087606,1.1590882995606862,-0.13368363184790819,0.8508528369800407,1.9602903485181795,99.41548473639314
0.1834832210593172,-0.21724574071258393,-1.0350616955367067,-0.5014834186751194,-0.7308477158177904,-0.21404454309833057,-0.604408815686662,-0.9158027881628759,-0.7206339602884603,-0.7308477158177904,-0.21404454309833057,-0.604408815686662,-0.9318795842651041,-0.9457324874869207,-0.5807297328099189,-0.5733570387960096,0.024632715399279047,-0.3661077619790856,-0.4601307290804149,-0.7233244424405821,-0.8590267216642286,-0.3333333333333336,-4.837370602037471,-0.5041736996109231,0.023787561841213407,-0.1981438113515166,-1.6104317214597377,99.38280676610464
-0.035468300112433085,-0.21724574071258393,-0.44104320452790047,-0.5014834186751194,0.28411887972948,0.48015397505841667,-0.2195258434333629,0.14367209870296588,0.45858524745629275,0.28411887972948,0.48015397505841667,-0.2195258434333629,0.4955934048687227,0.23643312187173013,1.4014044826180052,-0.0190618421226856,0.956099487239753,0.38274902388722587,-0.11929315198381163,-0.10988004153810448,-0.32397209702289637,-0.3333333333333336,0.1941159952663507,-1.035827440731299,-0.2997125597330289,-0.1981438113515166,-0.14968178374149887,99.39701653179853
1.5450879933461392,2.8699305746767645,1.145643988774556,1.4608430022275216,3.1412255026367846,3.256948047685406,3.501009555015196,-0.8204664610359974,-1.1137070295367113,3.1412255026367846,3.256948047685406,3.501009555015196,-0.9318795842651041,-0.9457324874869207,-0.5807297328099189,3.3956100033324774,1.1315614855744245,3.3781761673524717,3.9707577731754276,3.279728458551627,1.8039031817188387,-0.3333333333333336,2.430332260734716,2.5592542036755597,1.0482771407643496,2.9488461336431553,3.745651383507138,99.3766139093251
1.0272774203964308,-0.21724574071258393,-1.0165140740439254,-0.5014834186751194,-0.04234797458255015,-0.04049491355914375,0.42194577698880237,-1.1622072324511328,-1.1137070295367113,-0.04234797458255015,-0.04049491355914375,0.42194577698880237,-0.9318795842651041,-0.9457324874869207,-0.5807297328099189,-1.0253215102228226,0.7631048213477333,-0.3661077619790856,-0.6305495176287165,-0.712774197394209,-0.27669167027518043,-0.3333333333333336,-0.08541103791719495,0.4283076642575458,1.0208133717335794,-0.1981438113515166,-0.14968178374149887,99.36860095597551
-0.9369327661867487,-0.21724574071258393,0.3977420647806417,0.4796797917762012,0.30342454330859303,0.48015397505841667,0.037062804735503205,0.6031560885008479,0.45858524745629275,0.30342454330859303,0.48015397505841667,0.037062804735503205,-0.9318795842651041,-0.9457324874869207,-0.5807297328099189,0.4854471731558489,0.8202167248270679,0.38274902388722587,0.5623820022093949,-0.009612445486695155,-0.25899962195620463,-0.3333333333333336,0.33387951185812353,-0.21320486148446874,0.4867802637984247,-0.1981438113515166,0.3372348621645807,99.37269449820664
2.3744646259989524,2.8699305746767645,0.7021703588821573,0.9702613970018614,0.8493405861528188,0.6537036045976035,0.9992702353687511,-0.0021154135127621834,0.06551217820804177,0.8493405861528188,0.6537036045976035,0.9992702353687511,1.302390315441776,1.418598731230381,-0.5807297328099189,0.39573256472055157,-1.2105318883654186,0.38274902388722587,0.9032195793059982,1.4315027061148455,2.6887075572408636,2.999999999999999,1.1724606114087606,1.0241817120453138,0.963775165566518,1.899849485311598,1.1487626053413802,99.36800380271418
1.1822051708684058,-0.21724574071258393,-0.027493070643855446,-0.010901813449459077,-0.9905624655831505,-0.9082430612550778,-0.7327031397710951,0.7158327805168219,1.2447313859527949,-0.9905624655831505,-0.9082430612550778,-0.7327031397710951,-0.9318795842651041,-0.9457324874869207,-0.5807297328099189,-0.6379298517222216,1.0991035126997015,0.38274902388722587,-0.11929315198381163,0.13978224581881832,-0.03820979317484354,-0.3333333333333336,-0.08541103791719495,-0.2703314294877208,-1.8571401891719552,-0.1981438113515166,-0.4742928810122186,99.50208577673956
0.319594825180595,0.8118130310838656,1.433008471102713,0.9702613970018614,1.2333672670269171,0.6537036045976035,0.7426815871998851,-0.6287947734141445,-0.32756089104020925,1.2333672670269171,0.6537036045976035,0.7426815871998851,-0.9318795842651041,-0.9457324874869207,-0.5807297328099189,-0.15042320175198942,-0.4946624642852303,0.38274902388722587,0.7328007907576966,1.2849267825698136,0.777808807379298,2.999999999999999,1.0326970948169878,1.561045898379173,0.057300239863151026,0.8508528369800407,0.9864570567060202,99.40198822642742
-0.19039605058440817,-0.21724574071258393,1.2329414606005795,0.9702613970018614,0.15687444276062346,-0.7346934317158911,-0.02708435730671332,-0.04935541991844598,0.06551217820804177,0.15687444276062346,-0.7346934317158911,-0.02708435730671332,-0.9318795842651041,-0.9457324874869207,-0.5807297328099189,-0.6749642591357844,-1.3923375174138588,-0.3661077619790856,0.051125636564490005,0.250922231803513,0.09088890690234304,-0.3333333333333336,0.33387951185812353,-0.5031064999888843,1.1598877944573056,-0.1981438113515166,0.17492931352922086,99.38625135120475
0.8623306829065519,0.8118130310838656,1.503736734395185,1.4608430022275216,-0.21301605601854498,0.13305471598004306,0.037062804735503205,2.133104332213628,2.0308775244492967,-0.21301605601854498,0.13305471598004306,0.037062804735503205,1.436036551644426,1.418598731230381,-0.5807297328099189,0.37330391261172724,1.0085393365107498,1.8804625956198489,1.2440571564026015,1.2848462463480854,0.011438994329409008,-0.3333333333333336,0.753170061633442,0.9448322813243131,-0.5399178695650683,0.8508528369800407,0.8241515080706604,99.55655888046789
-0.3856441146650203,0.8118130310838656,2.927081207751215,2.442006212678842,1.7469693510663764,0.8272532341367903,1.5765946937486999,-1.1122555640463312,-1.1137070295367113,1.7469693510663764,0.8272532341367903,1.5765946937486999,-0.9318795842651041,-0.9457324874869207,-0.5807297328099189,1.0335473590652435,-1.1925991713395112,1.1316058097535373,1.2440571564026015,1.1065390514422058,1.1196151136109307,-0.3333333333333336,1.3122241280005333,0.7209086900412359,-0.7120219921825096,0.8508528369800407,1.31106815397674,99.50435493909453
-0.24049098567392693,0.8118130310838656,0.8695935555569957,0.4796797917762012,-0.16590798111177077,0.3066043455192299,0.2295042908621528,-1.115466742729497,-1.1137070295367113,-0.16590798111177077,0.3066043455192299,0.2295042908621528,-0.9318795842651041,-0.9457324874869207,-0.5807297328099189,1.0915181897174873,-0.11045703353841023,0.38274902388722587,-1.823481037466828,0.08614512214794394,-1.8757891461737979,-0.3333333333333336,0.1941159952663507,0.40696367181677023,-0.24824538579436556,0.8508528369800407,-0.9612095269182982,99.54646685043059
-1.0459197956985797,-0.21724574071258393,-1.4090435702361517,-1.4826466291264397,-0.4448532019982921,-0.7346934317158911,-0.2195258434333629,0.0023802366436699598,0.06551217820804177,-0.4448532019982921,-0.7346934317158911,-0.2195258434333629,0.23568017249915174,0.23643312187173013,1.5839510705596735,-0.2211458063854597,0.46670032261656663,-0.3661077619790856,-0.28971194053211324,0.09878930895924616,0.3895238202391919,-0.3333333333333336,-0.08541103791719495,-0.2076805340292092,0.5073315808004959,-0.1981438113515166,-0.14968178374149887,99.54646685043059
1.8324618648840616,0.8118130310838656,-0.05469624883326789,0.4796797917762012,0.4881912106105418,0.6537036045976035,0.7426815871998851,1.9759706553173808,1.2447313859527949,0.4881912106105418,0.6537036045976035,0.7426815871998851,2.685587864361228,1.418598731230381,-0.5807297328099189,0.9859769114473339,-0.36089259693192716,1.1316058097535373,1.414475944950903,1.1784578974453452,-0.5133207621850849,-0.3333333333333336,1.0326970948169878,1.8184293366355837,0.2707144965232785,0.8508528369800407,1.1487626053413802,99.37389405089831
0.16540017131968604,0.8118130310838656,0.6828190071246889,1.4608430022275216,0.6288575013237866,1.3479021227543508,0.9351230733265347,-0.8335252543475383,-0.7206339602884603,0.6288575013237866,1.3479021227543508,0.9351230733265347,-0.9318795842651041,-0.9457324874869207,-0.5807297328099189,1.231109417660916,1.0732032481276597,1.1316058097535373,1.414475944950903,0.7032136530281834,0.10956569091007166,-0.3333333333333336,0.753170061633442,0.783936244189879,1.634982270595771,0.8508528369800407,1.31106815397674,99.39395284588836
0.8691729179431691,0.8118130310838656,1.4818505410337033,0.9702613970018614,0.5073464892737513,0.6537036045976035,0.5502401010732354,0.5365062909435842,0.45858524745629275,0.5073464892737513,0.6537036045976035,0.5502401010732354,0.2365000880586772,0.23643312187173013,-0.5807297328099189,1.2814382277357577,0.37002368751976733,0.38274902388722587,1.2440571564026015,0.9427283764473733,1.5228332131202889,-0.3333333333333336,0.8929335782252149,-0.13165825507103526,0.24051722115917046,0.8508528369800407,0.8241515080706604,99.39209602147416
-1.1309590025822507,-0.21724574071258393,-0.052346883444182264,-0.5014834186751194,-0.8237104013882073,-0.9082430612550778,-0.7327031397710951,1.5542358549282702,1.2447313859527949,-0.8237104013882073,-0.9082430612550778,-0.7327031397710951,0.19304456340382778,0.23643312187173013,-0.5807297328099189,-0.9318989391405018,-0.49000441129233147,-0.3661077619790856,-0.28971194053211324,-0.6080771091477575,-1.1044769695996048,-0.3333333333333336,-0.22517455450896778,-1.2469446365499108,-1.656733943666411,-0.1981438113515166,-0.6365984296475785,99.37859505929423
0.49602674291050985,-0.21724574071258393,-0.9217975536207894,-0.010901813449459077,-0.04385182374158524,0.3066043455192299,0.42194577698880237,-0.2025643228686017,-0.32756089104020925,-0.04385182374158524,0.3066043455192299,0.42194577698880237,-0.9318795842651041,-0.9457324874869207,-0.5807297328099189,-0.04610283801195365,0.7419739541679151,0.38274902388722587,0.22154442511279163,-0.44160873883589963,-1.731707815185676,-0.3333333333333336,0.05435247867457788,0.9172734204963706,-0.6117977083546485,-0.1981438113515166,0.3372348621645807,99.37859505929423
0.9510353728455534,1.840871802880315,2.07951673093609,2.442006212678842,2.0847902665291214,1.3479021227543508,2.1539191521286485,-0.8766264082282529,-1.1137070295367113,2.0847902665291214,1.3479021227543508,2.1539191521286485,-0.9318795842651041,-0.9457324874869207,-0.5807297328099189,3.045162314132097,1.5009576191557705,2.62931938148616,2.9482450418856176,2.3212668837662274,-0.22109862287763235,-0.3333333333333336,1.8712781943676247,3.4301518717075554,0.936135273381893,1.899849485311598,2.771818091694979,99.39014402480223
1.8424808519019653,2.8699305746767645,2.1478338034345006,3.4231694231301626,3.3717279824878883,2.215650270450285,3.180273744804113,-0.6057456464216431,-0.7206339602884603,3.3717279824878883,2.215650270450285,3.180273744804113,-0.9318795842651041,-0.9457324874869207,-0.5807297328099189,2.9052093337353004,-0.7353039307094921,3.3781761673524717,0.7328007907576966,2.808430488999139,0.40873487043723844,-0.3333333333333336,2.430332260734716,3.058640850341351,-0.1877818023065095,2.9488461336431553,2.1225958971535395,99.35268980851488
0.23064576970457143,0.8118130310838656,-1.3592741192305222,-0.5014834186751194,1.0345208119735023,0.6537036045976035,0.9351230733265347,-1.1117560473622832,-1.1137070295367113,1.0345208119735023,0.6537036045976035,0.9351230733265347,1.6237972147757564,1.418598731230381,-0.5807297328099189,-0.07201335748444627,0.1927740741934948,-0.3661077619790856,0.5623820022093949,0.8889301803330428,0.9126139802184607,-0.3333333333333336,0.47364302844989636,0.19201711264848983,1.0542433385791186,0.8508528369800407,0.8241515080706604,99.36575156333123
-0.6370962522607023,-2.275363284305483,-1.7054963870957713,-1.4826466291264397,-2.1238819899464825,-1.775991208951012,-1.9514992185732092,0.7937573832283124,0.8516583167045437,-2.1238819899464825,-1.775991208951012,-1.9514992185732092,-0.9318795842651041,-0.9457324874869207,1.310480894754339,-1.6146162567595137,-0.6638886743048119,-1.8638213337117087,-1.9938998260151295,-2.432705748618223,-0.5190115092437394,2.999999999999999,-1.0637556540596047,-1.1883742102344887,-1.3504327277486325,-2.2961371080146313,-1.9350428187304574,99.35010826736043
0.8129688444280992,0.8118130310838656,0.6538847175959502,0.4796797917762012,0.5018198436142973,-0.21404454309833057,0.10120996677771973,0.09864423761235189,0.45858524745629275,0.5018198436142973,-0.21404454309833057,0.10120996677771973,0.1889449856062005,0.23643312187173013,1.4076991925470284,0.01788212717753513,0.51700427010947,0.38274902388722587,0.22154442511279163,1.570508224817442,0.6160695141025199,-0.3333333333333336,0.47364302844989636,0.036708179417670385,0.3122224257672429,0.8508528369800407,0.3372348621645807,99.34259198374923
-0.032535913668168576,-0.21724574071258393,1.056739056419158,0.4796797917762012,1.132308603539759,0.3066043455192299,0.8709759112843181,-0.8194674276679014,-1.1137070295367113,1.132308603539759,0.3066043455192299,0.8709759112843181,-0.9318795842651041,-0.9457324874869207,-0.5807297328099189,0.2836345232331009,0.5130977290365112,0.38274902388722587,0.39196321366109327,1.129250265969513,1.9882366173584558,-0.3333333333333336,0.753170061633442,-0.6292243847345255,0.9845456087477974,-0.1981438113515166,0.3372348621645807,99.3394939109803
