1.0,0.2472372874444399,0.5117777630532733,0.8286396501862772,0.2857142857142857,0.3142857142857143,0.38429437473565486,0.6576058577137414,0.5,0.6346153846153846,0.3433658870005445,0.10532547689301933,0.4,0.3142857142857143,0.19124034197412335,0.4,0.5007993882941749,0.4444444444444444,0.3648330697247641,0.7321428571428571,0.2823529411764706,0.34714769959289354,0.3333333333333333,0.3648330697247641,0.7321428571428571,0.2823529411764706,0.34383499546690843,0.5,0.5362927414517097,100.0
0.9665682255507776,0.09294675746578042,0.22651073416379539,0.8516735662351499,0.14285714285714285,0.17142857142857143,0.22403778373043845,0.5193024482322776,0.0,0.5576923076923077,0.25156686245206733,0.5197769339458128,0.6,0.22857142857142856,0.6989896219082887,0.6,0.34868390564901064,0.1111111111111111,0.27237608314559403,0.5892857142857143,0.18823529411764706,0.3249356976169792,0.4444444444444444,0.27237608314559403,0.5892857142857143,0.18823529411764706,0.34088848594741616,0.5,0.6020795840831834,99.97819570753374
0.7371145165395557,0.28082480392556647,0.2589617015637424,0.5835171409902409,0.2857142857142857,0.2857142857142857,0.4271958268715635,0.4262178940044066,0.0,0.6346153846153846,0.42076483740543796,0.6000735868793785,0.4,0.34285714285714286,0.38499519956110273,0.4,0.36365216182399557,0.2222222222222222,0.4209049331100694,0.6428571428571429,0.32941176470588235,0.43674519222579933,0.3333333333333333,0.4209049331100694,0.6428571428571429,0.32941176470588235,0.0,0.0,0.0,100.0
0.7066034727838216,0.33221873343391917,0.23805658627087198,0.43644929919241054,0.2857142857142857,0.3142857142857143,0.5671084167489073,0.5646320234693787,0.0,0.6730769230769231,0.43780627671775624,0.0,0.4,0.3142857142857143,0.6166506652036757,0.4,0.5367255201816581,0.4444444444444444,0.3759546141020469,0.5892857142857143,0.27058823529411763,0.616127548673923,0.7777777777777778,0.3759546141020469,0.5892857142857143,0.27058823529411763,0.33635539437896644,0.5,0.9230153969206158,99.8086460023915
0.639203384436716,0.2363087713575011,0.2804631592896899,0.49535388817678905,0.2857142857142857,0.22857142857142856,0.4132525024672212,0.3854949283083995,0.0,0.6153846153846154,0.28898620234247385,0.32474020812284654,0.4,0.2571428571428571,0.37900608055593654,0.4,0.4884957597664396,0.4444444444444444,0.27091939290291944,0.5892857142857143,0.2235294117647059,0.6777726676546239,0.7777777777777778,0.27091939290291944,0.5892857142857143,0.2235294117647059,0.6155938349954669,1.0,0.0,100.0
0.500450061823225,0.24638094849732903,0.2082063344818447,0.6805251590315154,0.2857142857142857,0.3142857142857143,0.45215000704920344,0.8015846989274759,0.0,0.6346153846153846,0.5110925752151901,0.39247563785101236,0.4,0.3142857142857143,0.4361998811319892,0.4,0.273043236479911,0.3333333333333333,0.4126682066643579,0.6428571428571429,0.3058823529411765,0.1389442485563902,0.2222222222222222,0.4126682066643579,0.6428571428571429,0.3058823529411765,0.0,0.0,0.7396520695860828,100.0
0.49722446881571053,0.33779173293098996,0.4150046382189239,0.8262138424206101,0.2857142857142857,0.4,0.4791202594106866,0.7591963960207371,0.0,0.6923076923076923,0.45834636638515275,0.3273296998524331,0.4,0.42857142857142855,0.2685959859187126,0.4,0.3562259604244868,0.5555555555555556,0.5106591880380025,0.7678571428571429,0.4588235294117647,0.0011242270938729624,0.0,0.5106591880380025,0.7678571428571429,0.4588235294117647,0.0,0.0,0.0,99.88862598354525
0.48128321992638096,0.4586986366540255,0.5395739464617015,0.7804179123986501,0.5714285714285714,0.5142857142857142,0.5567601860989708,0.5728904955518868,0.0,0.7307692307692307,0.5607919461532224,0.869334729424421,0.8,0.5428571428571428,0.5918255383349335,0.8,0.5177603225357987,0.5555555555555556,0.5706262696947734,0.8571428571428571,0.5058823529411764,0.0,0.0,0.5706262696947734,0.8571428571428571,0.5058823529411764,0.0,0.0,0.0,99.81152151812933
0.42137819864995807,0.3912517500577689,0.33419195600318047,0.6999318290094694,0.2857142857142857,0.34285714285714286,0.5539123079092063,0.5687381755110745,0.0,0.6923076923076923,0.2827303374691551,0.6529198762592464,0.4,0.37142857142857144,0.377360215791158,0.4,0.48882014921914824,0.5555555555555556,0.5618932688771703,0.75,0.4235294117647059,0.21045190522424922,0.1111111111111111,0.5618932688771703,0.75,0.4235294117647059,0.0,0.0,0.0,99.76405510108286
0.42048052055337437,0.196142396933491,0.27608169891333156,0.5186077862938026,0.2857142857142857,0.2571428571428571,0.232496827858452,0.46451610111147557,0.0,0.5961538461538461,0.29601825785748215,0.3916284802898897,0.2,0.22857142857142856,0.06898916472363187,0.2,0.22083970526901153,0.1111111111111111,0.30064944106652575,0.5535714285714286,0.24705882352941178,0.4855468683461938,0.4444444444444444,0.30064944106652575,0.5535714285714286,0.24705882352941178,0.0,0.0,0.5778844231153769,99.620332488456
0.41135076615485167,0.21946743873098723,0.1541296713490591,0.2690690932396686,0.14285714285714285,0.2,0.29409276751727054,0.698848112908919,0.0,0.6346153846153846,0.36518031951250596,0.21616792886319625,0.2,0.2571428571428571,0.13299501668723998,0.2,0.20373974697622688,0.3333333333333333,0.383077400950419,0.5892857142857143,0.24705882352941178,0.31670839933909073,0.4444444444444444,0.383077400950419,0.5892857142857143,0.24705882352941178,0.6795104261106074,1.0,0.0,99.6160813996191
0.39905013794077193,0.5646671831885712,0.7060363106281473,0.7355198204379338,0.5714285714285714,0.6285714285714286,0.5571549414916115,0.81181550570416,0.0,0.7884615384615384,0.413130365272999,0.5146187825214823,0.6,0.5142857142857142,0.4642253005989119,0.6,0.7685481254923768,0.6666666666666666,0.571240364600999,0.8035714285714286,0.5294117647058824,0.14609842097194542,0.2222222222222222,0.571240364600999,0.8035714285714286,0.5294117647058824,0.2688123300090662,0.5,0.8348330333933214,99.6080588970892
0.38020280965836756,0.5346953200396907,0.5425970712960508,0.8299904803418153,0.5714285714285714,0.45714285714285713,0.5946003101649514,0.4974623446856868,0.0,0.75,0.7038311379881602,0.8316231909456642,0.6,0.4,0.6006492022127737,0.6,0.5512303628527735,0.7777777777777778,0.49160439434889874,0.6964285714285714,0.4,0.46614543410496195,0.6666666666666666,0.49160439434889874,0.6964285714285714,0.4,0.0,0.0,0.6276744651069786,99.6080588970892
0.3704015186991205,0.5620166102570376,0.5294278425655977,0.598687925707838,0.42857142857142855,0.45714285714285713,0.5589313407584943,0.36301210053710437,0.0,0.75,0.5591005456504362,0.6179646481255673,0.6,0.5714285714285714,0.6025236593059937,0.6,0.49529635293572455,0.6666666666666666,0.6217103971266071,0.75,0.47058823529411764,0.573270649155978,0.7777777777777778,0.6217103971266071,0.75,0.47058823529411764,0.7155485040797824,1.0,0.0,100.0
0.3672933603564338,0.4190759694980223,0.4950553273257355,0.8287852810107887,0.42857142857142855,0.37142857142857144,0.505582969124489,0.36286844267760665,0.0,0.6923076923076923,0.2834601883710423,0.44547718129311153,0.4,0.34285714285714286,0.5084350569194898,0.4,0.5084572964456184,0.4444444444444444,0.44621135575731824,0.6428571428571429,0.36470588235294116,0.3842812611783944,0.2222222222222222,0.44621135575731824,0.6428571428571429,0.36470588235294116,0.30507706255666367,0.5,0.764247150569886,100.0
0.3439151341585253,0.08294254373445337,0.16965113967664988,0.9450843490804597,0.14285714285714285,0.14285714285714285,0.22189482588467505,0.42906407580009537,0.0,0.5576923076923077,0.0,0.7832044850503952,0.2,0.08571428571428572,0.10624971425958944,0.2,0.287524908475833,0.1111111111111111,0.1705505789272619,0.5,0.12941176470588237,0.5032278944589231,0.4444444444444444,0.1705505789272619,0.5,0.12941176470588237,0.0,0.0,0.0,99.57353709195527
0.334505684666711,0.3871195748209164,0.4555890538033395,0.8691513466975478,0.42857142857142855,0.4,0.3566755956576907,0.5263260816605404,0.0,0.6923076923076923,0.27543182845028324,0.6042493926585765,0.4,0.37142857142857144,0.22370045261281032,0.4,0.6024954817183372,0.4444444444444444,0.43909570954739063,0.625,0.38823529411764707,0.4861260156369768,0.5555555555555556,0.43909570954739063,0.625,0.38823529411764707,0.0,0.0,0.0,99.5722611155679
0.3127645934605966,0.4198099743098316,0.3683739729658097,0.7497966391956992,0.42857142857142855,0.45714285714285713,0.4773720569575638,0.5956667041409783,0.0,0.7115384615384616,0.48005653448255886,0.904433801914067,0.8,0.5142857142857142,0.7092762766881543,0.8,0.6301960239121368,0.5555555555555556,0.4788047999371624,0.8571428571428571,0.5058823529411764,0.016744170201168515,0.0,0.4788047999371624,0.8571428571428571,0.5058823529411764,0.0,0.0,0.0,99.74842317012963
0.3028937874189923,0.15972760265872854,0.17290617545719586,0.7090146620008697,0.0,0.17142857142857143,0.27773861553644436,0.6123563830864878,0.0,0.5961538461538461,0.18893870410917643,0.8271120075531251,0.2,0.17142857142857143,0.2962099391944406,0.2,0.28658649613049725,0.1111111111111111,0.2943692495546027,0.6071428571428571,0.29411764705882354,0.0776568381964672,0.1111111111111111,0.2943692495546027,0.6071428571428571,0.29411764705882354,0.31051677243880327,0.5,0.46850629874025196,99.5453454688071
0.29942913229673507,0.2504315676439805,0.17283991518685396,0.14643605813165572,0.14285714285714285,0.11428571428571428,0.3576342873255322,0.45552065326953356,0.0,0.6346153846153846,0.4802766482466201,0.2656042409076121,0.2,0.17142857142857143,0.12449138206921775,0.2,0.335997960980583,0.3333333333333333,0.28701082163756264,0.5892857142857143,0.18823529411764706,0.5809017663992369,0.7777777777777778,0.28701082163756264,0.5892857142857143,0.18823529411764706,0.0,0.0,0.0,99.7367304599092
0.2641991385670478,0.3447647786431785,0.4513649615690432,0.7797926873128433,0.42857142857142855,0.42857142857142855,0.3359932327646976,0.6308698280864053,0.0,0.6730769230769231,0.24626096224469698,0.775970817991472,0.6,0.42857142857142855,0.5435011201024094,0.6,0.4909634366745447,0.4444444444444444,0.4498030968948934,0.6964285714285714,0.43529411764705883,0.20345103650331306,0.2222222222222222,0.4498030968948934,0.6964285714285714,0.43529411764705883,0.677470534904805,1.0,0.0,99.51483952071999
0.2354154991847074,0.4519838518941402,0.4636396766498807,0.4594398589048557,0.2857142857142857,0.34285714285714286,0.5352883124206964,0.6491429861952411,0.0,0.7307692307692307,0.4372617847750785,0.768573564896773,0.4,0.37142857142857144,0.25149727975129155,0.4,0.5447309884610038,0.5555555555555556,0.47645552988892736,0.7142857142857143,0.4470588235294118,0.2641252320847599,0.3333333333333333,0.47645552988892736,0.7142857142857143,0.4470588235294118,0.0,0.0,0.0,99.62508803317961
0.2275271664775266,0.11678832116788321,0.1517691492181288,1.0,0.2857142857142857,0.14285714285714285,0.30310164951360496,0.3513088799852419,0.0,0.5576923076923077,0.16332441293342137,0.43475768775443063,0.2,0.08571428571428572,0.04270104695286426,0.2,0.36383752722554336,0.2222222222222222,0.11860243424364572,0.5,0.023529411764705882,0.5631015040795817,0.5555555555555556,0.11860243424364572,0.5,0.023529411764705882,0.6538984587488668,1.0,0.0,99.4906593484918
0.22281359932124575,0.486142261006674,0.5516581632653061,0.9253936587549525,0.5714285714285714,0.4857142857142857,0.5058367404483294,0.5167718170908581,0.0,0.7307692307692307,0.5307290399564406,0.8608120395797799,0.6,0.5428571428571428,0.46545969917249574,0.6,0.4911140460633023,0.5555555555555556,0.568698297314763,0.7857142857142857,0.5176470588235295,0.14049431924642716,0.2222222222222222,0.568698297314763,0.7857142857142857,0.5176470588235295,0.0,0.0,0.0,99.50047230102086
0.22253821583755035,0.6127037203169813,0.702855817651736,0.8412096180038723,0.5714285714285714,0.6,0.6458480191738334,0.5032621099587977,0.0,0.7884615384615384,0.48855987673629214,0.42897170092488396,0.6,0.5428571428571428,0.41292918209664886,0.6,0.48571527874322257,0.7777777777777778,0.4810612416856191,0.7321428571428571,0.4470588235294118,1.0,1.0,0.4810612416856191,0.7321428571428571,0.4470588235294118,0.3556210335448776,0.5,0.0,99.49464066216143
0.21343599917193837,0.2241569139175468,0.24918002915451895,0.38728710820992257,0.14285714285714285,0.17142857142857143,0.311856760186099,0.16492001697484254,0.0,0.5961538461538461,0.1959823445591353,0.09382733108597886,0.2,0.11428571428571428,0.3631417729620994,0.2,0.2570670559340099,0.2222222222222222,0.2853541935184425,0.5535714285714286,0.24705882352941178,0.4734018089835965,0.7777777777777778,0.2853541935184425,0.5535714285714286,0.24705882352941178,0.33930190389845877,1.0,0.0,99.66531507099594
0.21275199735470696,0.48928217047941386,0.5253859660747416,0.8526155615486805,0.5714285714285714,0.42857142857142855,0.2615677428450585,0.5647841799717324,0.0,0.7307692307692307,0.40809091856949226,0.3864830079391362,0.4,0.4,0.23096968865724865,0.4,0.7824273599332685,0.7777777777777778,0.5885135689982042,0.7678571428571429,0.5529411764705883,0.012809375372613147,0.0,0.5885135689982042,0.7678571428571429,0.5529411764705883,0.0,0.0,0.0,99.48091713628631
0.20571353401776532,0.31078307439274694,0.46450106016432546,0.7343225508014505,0.2857142857142857,0.2857142857142857,0.3350627379106161,0.7036953877010842,0.0,0.6730769230769231,0.38298636453156315,0.8836033891328158,0.4,0.4,0.4297992959356284,0.4,0.2880230779924927,0.4444444444444444,0.29652572236483665,0.6607142857142857,0.3058823529411765,0.42889263631253516,0.3333333333333333,0.29652572236483665,0.6607142857142857,0.3058823529411765,0.6557116953762466,1.0,0.0,99.66592204920474
0.20371098566901708,0.2532044747108157,0.26654850251789025,0.7714176910078292,0.2857142857142857,0.08571428571428572,0.3796982940927675,0.41021699433168535,0.0,0.6346153846153846,0.26735712878972184,0.4937028736460776,0.4,0.11428571428571428,0.275408037306268,0.4,0.47226470179341024,0.3333333333333333,0.3067189837443366,0.6607142857142857,0.21176470588235294,0.07665184730952015,0.1111111111111111,0.3067189837443366,0.6607142857142857,0.21176470588235294,0.0,0.0,0.0,99.48065818096171
0.18484865003013243,0.3012274191575256,0.40691260270341906,0.6637159361069114,0.2857142857142857,0.2571428571428571,0.3327787959960524,0.6221786799411609,0.0,0.6538461538461539,0.1439428167610839,0.42669270819483457,0.2,0.2571428571428571,0.1387098248982764,0.2,0.373036285277353,0.4444444444444444,0.43076615480190084,0.6785714285714286,0.3764705882352941,0.032313012076924386,0.0,0.43076615480190084,0.6785714285714286,0.3764705882352941,0.2964641885766092,0.5,0.4359128174365127,99.46251867812856
0.17917727960130186,0.38222620940885427,0.29600119268486613,0.3764621658750551,0.2857142857142857,0.3142857142857143,0.36815169885802906,0.598523273915734,0.0,0.6923076923076923,0.6217055341234259,0.36614879387988414,0.4,0.3142857142857143,0.2568463402368217,0.4,0.6528453589137587,0.5555555555555556,0.29399793635548954,0.5714285714285714,0.21176470588235294,0.604050624286712,0.6666666666666666,0.29399793635548954,0.5714285714285714,0.21176470588235294,0.6810970081595649,1.0,0.0,99.46645554172105
0.17787591667067076,0.2129837295600049,0.25847303206997085,0.8145486786399002,0.2857142857142857,0.2857142857142857,0.22055547723107288,0.3821413584854051,0.5,0.5961538461538461,0.4718080607977386,0.09413418054798005,0.2,0.2,0.2793855438211494,0.2,0.42687334908939245,0.3333333333333333,0.1190380131887592,0.5357142857142857,0.10588235294117647,0.623213586114092,0.6666666666666666,0.1190380131887592,0.5357142857142857,0.10588235294117647,0.0,0.0,0.5876824635072986,99.4617999682829
0.17179576201644167,0.17526403784202585,0.34383282533792736,0.29936141705401775,0.0,0.2,0.26173692372761875,0.3905439525815963,0.0,0.5961538461538461,0.2432836339623953,0.5196538805777063,0.4,0.2857142857142857,0.28176290403694054,0.4,0.18921173362991797,0.3333333333333333,0.2620542902740934,0.6785714285714286,0.23529411764705882,0.0861396426320541,0.0,0.2620542902740934,0.6785714285714286,0.23529411764705882,0.2901178603807797,0.5,0.9266146770645871,99.45984298697003
0.17047209510035835,0.2605988935557096,0.3703700636098595,0.8488646117024364,0.2857142857142857,0.2857142857142857,0.3528267305794445,0.6062692176803113,0.0,0.6346153846153846,0.16415852824986388,0.805220422142604,0.4,0.3142857142857143,0.2398847894664655,0.4,0.5381621020436536,0.3333333333333333,0.17950850985586622,0.5535714285714286,0.1411764705882353,0.6647248198681588,0.7777777777777778,0.17950850985586622,0.5535714285714286,0.1411764705882353,0.32116953762466,0.5,0.0,99.45303929770688
0.1627971892419905,0.5767510772200247,0.43908196395441296,0.8074043515115454,0.5714285714285714,0.5428571428571428,0.6798956717890878,0.7792246541893542,0.0,0.7884615384615384,0.4153894275883641,0.6701411407339749,0.6,0.5428571428571428,0.4826041238056051,0.6,0.4873488113443626,0.5555555555555556,0.7157204725674523,0.8035714285714286,0.7529411764705882,0.40915052719437206,0.3333333333333333,0.7157204725674523,0.8035714285714286,0.7529411764705882,0.0,0.0,0.0,99.99927653344757
0.15067412119106677,0.3707675787356087,0.4665799761463027,0.7768437160249893,0.2857142857142857,0.2857142857142857,0.37866911039052586,0.49699392536835363,0.0,0.6730769230769231,0.2043234977235603,0.45832394826671474,0.4,0.2571428571428571,0.3550953230009601,0.4,0.47905370962509847,0.4444444444444444,0.4587645981427199,0.6428571428571429,0.3764705882352941,0.08084214829577392,0.1111111111111111,0.4587645981427199,0.6428571428571429,0.3764705882352941,0.6131006346328196,1.0,0.0,99.43998522966474
0.14140466027046283,0.39118378664926806,0.2790882586800954,0.37635375550158034,0.42857142857142855,0.4,0.5807133793881292,0.7263324983578134,0.5,0.7115384615384616,0.4560293793950347,0.22671681921871853,0.4,0.34285714285714286,0.11735930142184428,0.4,0.4547360860095463,0.5555555555555556,0.4210084723675144,0.0,0.3411764705882353,0.4028650757149914,0.4444444444444444,0.4210084723675144,0.0,0.3411764705882353,0.27923844061650044,0.5,0.714257148570286,99.61428730887162
0.14085646017877326,0.36848400820997973,0.3032484097535118,0.6251657701716665,0.42857142857142855,0.4,0.3427322712533484,0.05939888749726853,0.0,0.6538461538461539,0.370578899199481,0.22583348549816462,0.4,0.37142857142857144,0.4117862204544416,0.4,0.6324204087307104,0.5555555555555556,0.27907043168729717,0.625,0.2235294117647059,0.6968163932750779,0.7777777777777778,0.27907043168729717,0.625,0.2235294117647059,0.0,0.0,1.0,99.61428730887162
0.13665154678061275,0.4061901072462586,0.34373343493241454,0.7024174125725531,0.42857142857142855,0.37142857142857144,0.451247709008882,0.43674312157003076,0.0,0.6923076923076923,0.4144510478573663,0.4031867855664344,0.4,0.37142857142857144,0.31385726695012117,0.4,0.4468001297557811,0.3333333333333333,0.5283322681880988,0.7142857142857143,0.5176470588235295,0.01456385098880883,0.0,0.5283322681880988,0.7142857142857143,0.5176470588235295,0.0,0.0,0.6256748650269947,99.60495676294653
0.13581543822714937,0.38566515787899797,0.2856066127749801,0.023410989153196258,0.2857142857142857,0.34285714285714286,0.35198082616664317,0.6307309816972622,0.0,0.6923076923076923,0.4101646219256479,0.46914329937923444,0.6,0.4,0.36405614227586525,0.6,0.5645071597386347,0.4444444444444444,0.5187316797994909,0.7678571428571429,0.4470588235294118,0.01992948030047524,0.0,0.5187316797994909,0.7678571428571429,0.4470588235294118,0.3948322756119674,0.5,0.47050589882023597,99.43018795145254
0.1337124750344688,0.2313066644918376,0.30745593692022266,0.7628067676016478,0.2857142857142857,0.2571428571428571,0.2346256872973354,0.6017478764743468,0.5,0.6153846153846154,0.18575284699776412,0.702401314793077,0.4,0.22857142857142856,0.124217071275088,0.4,0.3321516288984661,0.2222222222222222,0.329965332200352,0.6964285714285714,0.32941176470588235,0.07855962662033489,0.1111111111111111,0.329965332200352,0.6964285714285714,0.32941176470588235,0.0,0.0,0.5432913417316537,99.4288013335727
0.13232815440883575,0.22805801356549635,0.18046812880996554,0.9021033397307425,0.42857142857142855,0.22857142857142856,0.3679261243479487,0.5304334117162512,0.0,0.6153846153846154,0.34721208540414045,0.7306397325213896,0.6,0.2571428571428571,0.5606455447355186,0.6,0.21575374206404374,0.2222222222222222,0.2579162902955153,0.5535714285714286,0.2235294117647059,0.2898972865246052,0.4444444444444444,0.2579162902955153,0.5535714285714286,0.2235294117647059,0.3669537624660018,0.5,0.0,99.43155179051625
0.13216457012025232,0.34210061302994466,0.30271004505698385,0.7746027372101619,0.2857142857142857,0.22857142857142856,0.39939376850415903,0.34642195813135185,0.0,0.6538461538461539,0.5000521322072776,0.31049661786099625,0.4,0.2857142857142857,0.34828327161340467,0.4,0.6666666666666666,0.5555555555555556,0.2666885646245631,0.5892857142857143,0.2,0.2978350111571022,0.4444444444444444,0.2666885646245631,0.5892857142857143,0.2,0.6115140525838622,1.0,0.0,99.4277807010491
0.13167606404105933,0.36943549592899183,0.29494102835939573,0.5150861828614143,0.2857142857142857,0.2857142857142857,0.36764415621034824,0.1580881249460973,0.0,0.6538461538461539,0.26488953764524614,0.04679102745418305,0.4,0.2571428571428571,0.4627165912311983,0.4,0.5302261457898884,0.4444444444444444,0.3027095152577592,0.5892857142857143,0.2823529411764706,0.756979576541128,0.8888888888888888,0.3027095152577592,0.5892857142857143,0.2823529411764706,0.6622846781504986,1.0,0.0,99.60104566231956
0.13116476673436792,0.27022251219943183,0.3491336469652796,0.7497215386808423,0.2857142857142857,0.2857142857142857,0.4579303538700127,0.28384378868851606,0.0,0.6346153846153846,0.2076483740543797,1.0,0.6,0.22857142857142856,0.5196817994788094,0.6,0.5723967746420131,0.4444444444444444,0.1913512587160418,0.625,0.2,0.13233515594392492,0.1111111111111111,0.1913512587160418,0.625,0.2,0.6135539437896645,1.0,0.0,99.42712146685231
0.13043954979450711,0.44449428427734505,0.38030082162735224,0.7446163637332297,0.42857142857142855,0.42857142857142855,0.5333145354574933,0.5681563351175835,0.0,0.7115384615384616,0.5259676316917481,0.5493375377054486,0.4,0.4857142857142857,0.3107941297490056,0.4,0.5228694564159599,0.5555555555555556,0.43451498998525456,0.7857142857142857,0.43529411764705883,0.026283066755242133,0.0,0.43451498998525456,0.7857142857142857,0.43529411764705883,0.650271985494107,1.0,0.0,99.42664328502818
0.1287765405261897,0.3027090214628444,0.19458984892658363,0.5969371980541324,0.2857142857142857,0.3142857142857143,0.30145213590864234,0.4702195709201006,0.0,0.6538461538461539,0.4429731577057195,0.4815210371314201,0.8,0.3142857142857143,0.8096283088739542,0.8,0.43088187589786364,0.5555555555555556,0.24947605565413603,0.6071428571428571,0.2,0.5494063740269474,0.7777777777777778,0.24947605565413603,0.6071428571428571,0.2,0.6711242067089755,1.0,0.0,99.43369446632875
0.12687982159008077,0.3364324647609727,0.28392525841505434,0.7956389834666195,0.14285714285714285,0.3142857142857143,0.28614126603693785,0.5740713687471936,0.0,0.6730769230769231,0.215329185926621,0.8724741143052008,0.2,0.3142857142857143,0.3793718282814429,0.4,0.3563881551508411,0.4444444444444444,0.4738741890912466,0.6785714285714286,0.43529411764705883,0.10969731037184663,0.0,0.4738741890912466,0.6785714285714286,0.43529411764705883,0.0,0.0,0.0,99.42429612898054
0.1236530380876946,0.23372616183446832,0.3168317651736019,0.8005609642993196,0.2857142857142857,0.22857142857142856,0.26726349922458764,0.6676052911579635,0.0,0.6346153846153846,0.2682028290411149,0.9139545485286799,0.4,0.2571428571428571,0.2971700269738948,0.4,0.5239700634876501,0.3333333333333333,0.1901944752880355,0.6071428571428571,0.23529411764705882,0.29044236632769516,0.4444444444444444,0.1901944752880355,0.6071428571428571,0.23529411764705882,0.34496826835902084,1.0,0.0,99.42216850462917
0.120544021596083,0.6101618888390491,0.508340511529287,0.5250330018160932,0.42857142857142855,0.4857142857142857,0.6511349217538418,0.5947123262789364,0.0,0.7884615384615384,0.5606992666736176,0.5287000455258009,0.4,0.4857142857142857,0.2921409957481827,0.4,0.6862227165299597,0.6666666666666666,0.693377414874664,0.8035714285714286,0.611764705882353,0.018140937196586437,0.0,0.693377414874664,0.8035714285714286,0.611764705882353,0.0,0.0,0.0,99.42216850462917
0.1080900338632279,0.22992021095842,0.19129340047707394,0.592675798270361,0.2857142857142857,0.22857142857142856,0.24676441562103482,0.5069536754195934,0.0,0.6153846153846154,0.1497468691713296,0.6240929293140746,0.2,0.2571428571428571,0.019658940245965345,0.2,0.308714490940266,0.3333333333333333,0.37742558562161044,0.6785714285714286,0.35294117647058826,0.06334849336535678,0.0,0.37742558562161044,0.6785714285714286,0.35294117647058826,0.38599274705349046,0.5,0.0,99.42216850462917
0.10543026210268362,0.08166483165463714,0.23847071296050887,0.6409456318439127,0.14285714285714285,0.17142857142857143,0.2828563372338926,0.17271122338537542,0.0,0.5384615384615384,0.27634703831137986,0.24753297567034452,0.4,0.14285714285714285,0.2674530242765053,0.4,0.1329996756105473,0.2222222222222222,0.10004391492643357,0.6071428571428571,0.12941176470588237,0.0003917761084708808,0.0,0.10004391492643357,0.6071428571428571,0.12941176470588237,0.0,0.0,0.0,99.41437372889047
0.10076208019107154,0.6711114735826231,0.759384110787172,0.7095087678344,0.7142857142857143,0.6571428571428571,0.6598759340194558,0.5919518105076627,0.0,0.8269230769230769,0.5808918082924964,0.4911874325483976,0.6,0.6857142857142857,0.5906825766927262,0.6,0.709648269150563,0.8888888888888888,0.6314537982841045,0.8392857142857143,0.6352941176470588,0.08409559337046689,0.0,0.6314537982841045,0.8392857142857143,0.6352941176470588,0.0,0.0,0.0,99.41437372889047
0.09453189517286778,0.208267069010045,0.2730254439438113,0.6973499606154444,0.2857142857142857,0.2571428571428571,0.2992386860284788,0.37772670183301593,0.0,0.0,0.2739489567766077,0.5320137944850809,0.4,0.05714285714285714,0.39624194212042246,0.4,0.25754205477547615,0.3333333333333333,0.2645785059642183,0.6428571428571429,0.24705882352941178,0.06103190420222461,0.1111111111111111,0.2645785059642183,0.6428571428571429,0.24705882352941178,0.0,0.0,0.0,99.40296707609832
0.08735246297840876,0.39682474955483965,0.37455274317519216,0.8694470551676332,0.42857142857142855,0.3142857142857143,0.4066262512336106,0.4715753894178751,0.0,0.6923076923076923,0.17583614268005884,0.44814237177887556,0.4,0.3142857142857143,0.35527819686371326,0.4,0.3688539784049307,0.3333333333333333,0.45735075173071227,0.7142857142857143,0.3176470588235294,0.31393189909210145,0.4444444444444444,0.45735075173071227,0.7142857142857143,0.3176470588235294,0.39460562103354485,0.5,0.5666866626674665,99.40248776485886
0.08544651642326194,1.0,1.0,0.9018652809493786,1.0,1.0,1.0,0.8448051365451774,0.0,1.0,0.8392821974304614,0.7976254366502447,1.0,1.0,0.6509852329355826,1.0,0.6661800824876037,0.7777777777777778,1.0,1.0,1.0,0.08378898598122882,0.0,1.0,1.0,1.0,0.0,0.0,0.0,99.39697650590516
0.07969645054021005,0.45379167856026315,0.46696097270076864,0.8443414590069218,0.42857142857142855,0.42857142857142855,0.4241787677992387,0.4829715744676472,0.0,0.7115384615384616,0.3276451302725935,0.652050400427529,0.4,0.4,0.1866227769396059,0.4,0.5260322535798693,0.5555555555555556,0.46101746957195444,0.7142857142857143,0.36470588235294116,0.4236121757201015,0.4444444444444444,0.46101746957195444,0.7142857142857143,0.36470588235294116,0.0,0.0,0.0,99.39318512040137
0.072814853457453,0.6144028055295029,0.45052842565597667,0.46914188489246517,0.42857142857142855,0.4857142857142857,0.6764556605103623,1.0,0.5,0.8269230769230769,0.555995783083678,0.7757172505054055,0.8,0.5428571428571428,0.806153705481644,1.0,0.5830784559062051,0.6666666666666666,0.5647031101050745,0.7321428571428571,0.5411764705882353,0.2791319604135793,0.3333333333333333,0.5647031101050745,0.7321428571428571,0.5411764705882353,0.6176337262012692,1.0,0.0,99.38864764414403
0.07081656223490937,0.29439030026233876,0.26119798568778163,0.8958683704898069,0.42857142857142855,0.3142857142857143,0.4503313125616805,0.5216981543511618,0.0,0.6538461538461539,0.3171028394675564,0.04435992370020383,0.4,0.2571428571428571,0.5830933113884698,0.4,0.44634830158950833,0.4444444444444444,0.21525097558972747,0.5714285714285714,0.2235294117647059,0.4505084572538198,0.6666666666666666,0.21525097558972747,0.5714285714285714,0.2235294117647059,0.0,0.0,0.0,99.50208577673956
0.06958789509328164,0.6186709075833571,0.35049198250728864,0.6014053769325747,0.42857142857142855,0.45714285714285713,0.6507965599887213,0.664827979195075,0.5,0.8076923076923077,0.6550701467811259,0.5407023723153362,0.6,0.5142857142857142,0.4217071275088008,0.6,0.7200287316372399,0.6666666666666666,0.6376411614962494,0.7321428571428571,0.49411764705882355,0.12954162195308908,0.2222222222222222,0.6376411614962494,0.7321428571428571,0.49411764705882355,0.0,0.0,0.0,99.40198822642742
0.06918060358700456,0.40752219005287554,0.25441459051152926,0.4355516147096141,0.2857142857142857,0.34285714285714286,0.4697871140561117,0.5443420920225295,0.0,0.7115384615384616,0.2741459006707677,0.826561884243664,0.4,0.37142857142857144,0.32629268961733643,0.4,0.6825385791741971,0.6666666666666666,0.4331832609153584,0.5892857142857143,0.35294117647058826,0.26785562198715657,0.3333333333333333,0.4331832609153584,0.5892857142857143,0.35294117647058826,0.0,0.0,0.0,99.38625135120475
0.06690066113203999,0.5644225149179681,0.4464202888947787,0.8791358019604592,0.7142857142857143,0.5428571428571428,0.6507824615818413,0.5304065615545891,0.0,0.7692307692307693,0.5413524253061319,0.3858661631049494,0.6,0.4857142857142857,0.5232478398024962,0.6,0.7332823578479077,0.7777777777777778,0.3629300895793093,0.6785714285714286,0.36470588235294116,0.7888156437903486,0.8888888888888888,0.3629300895793093,0.6785714285714286,0.36470588235294116,0.6545784224841342,1.0,0.0,99.55655888046789
0.06435061621077734,0.7027416438989248,0.5673535648025444,0.472455120094068,0.5714285714285714,0.5428571428571428,0.6195685887494713,0.7247808732936362,0.0,0.8461538461538461,0.5000289623373765,0.3412460326787687,0.6,0.5714285714285714,0.28976363553239154,0.6,1.0,1.0,0.7351894232863361,0.75,0.6470588235294118,0.01413800739264483,0.0,0.7351894232863361,0.75,0.6470588235294118,0.0,0.0,0.0,99.50435493909453
0.06104209669858833,0.4538324566053637,0.5779717731248344,0.6723908810231317,0.42857142857142855,0.02857142857142857,0.4409417735795855,0.19938637033922235,0.0,0.6923076923076923,0.44209270264947464,0.4614858755769499,0.6,0.17142857142857143,0.3169204041512367,0.6,0.6144515501181704,0.5555555555555556,0.3718773095502469,0.6964285714285714,0.4,0.013371488919549628,0.0,0.3718773095502469,0.6964285714285714,0.4,0.0,0.0,0.0,99.54646685043059
0.059055293944979624,0.6398618983539263,0.5586403392525842,0.6261205962040549,0.5714285714285714,0.5714285714285714,0.6321584660933315,0.4383635958868345,0.0,0.8076923076923077,0.7025683800785458,0.5960326678489789,0.6,0.5428571428571428,0.7047501485850135,0.6,0.4412507530469438,0.5555555555555556,0.4961101372073677,0.7321428571428571,0.49411764705882355,0.7513073398402235,0.6666666666666666,0.4961101372073677,0.7321428571428571,0.49411764705882355,1.0,1.0,0.0,99.37957508818813
0.05902678056575974,0.41343500659245064,0.4420222634508349,0.8510861642483335,0.7142857142857143,0.45714285714285713,0.5136049626392217,0.5535877009372681,1.0,0.75,0.3806693775414451,0.6755668068696415,0.6,0.4,0.4223471860284369,0.6,0.475543352333287,0.4444444444444444,0.4368214162028227,0.6964285714285714,0.4117647058823529,0.08532202292741922,0.0,0.4368214162028227,0.6964285714285714,0.4117647058823529,0.3470081595648232,1.0,0.0,99.55045790930141
0.05708610892205998,0.542755780287893,0.6035399549430162,0.8910830572443605,0.5714285714285714,0.5714285714285714,0.5489637670943184,0.5476180036523115,0.0,0.7692307692307693,0.5116602370277691,0.9497360253836624,0.6,0.5714285714285714,0.39285877565948885,0.6,0.5794522452384262,0.7777777777777778,0.5228268359474021,0.8035714285714286,0.5294117647058824,0.08067181085730833,0.1111111111111111,0.5228268359474021,0.8035714285714286,0.5294117647058824,0.0,0.0,0.0,99.39395284588836
0.054197182670097134,0.5587815520123965,0.6127584150543334,0.7611641347582792,0.42857142857142855,0.5428571428571428,0.5908924291555054,0.7955054081479624,0.0,0.7884615384615384,0.34269396077341024,0.5882036493178141,0.6,0.4857142857142857,0.5245279568417683,0.6,0.7291811483386625,0.6666666666666666,0.49974829249483194,0.7321428571428571,0.4588235294117647,0.4077026589674144,0.4444444444444444,0.49974829249483194,0.7321428571428571,0.4588235294117647,0.3229827742520399,0.5,0.0,99.39209602147416
0.05149569869994331,0.2655330370128723,0.2073532335011927,0.6022659952719321,0.2857142857142857,0.2857142857142857,0.31941350627379106,0.33467467952491103,0.0,0.6346153846153846,0.13687600644122383,0.09631773085021317,0.4,0.22857142857142856,0.15032231518310246,0.4,0.44169099587561983,0.3333333333333333,0.24694112900634446,0.5714285714285714,0.2235294117647059,0.6506379137070537,0.6666666666666666,0.24694112900634446,0.5714285714285714,0.2235294117647059,0.3109700815956482,0.5,0.0,99.37859505929423
0.051160183379176806,0.917397273308051,0.9358103631062815,0.9701146305236534,0.8571428571428571,0.8285714285714286,0.8322148597208515,0.48961941724456615,0.0,0.9230769230769231,1.0,0.7685512653129127,0.8,0.8285714285714286,0.5398436428473461,0.8,0.8411766068863247,1.0,0.7993516300292409,0.8035714285714286,0.7529411764705882,0.07038342957398606,0.0,0.7993516300292409,0.8035714285714286,0.7529411764705882,0.0,0.0,0.0,99.39014402480223
0.04681833855211409,0.458032595250717,0.3648538961038961,0.7284156305860072,0.2857142857142857,0.42857142857142855,0.5814746933596504,0.688472833323915,0.0,0.7307692307692307,0.4024258853786536,0.7991722475028535,0.6,0.4857142857142857,0.4050656059982627,0.6,0.19678854441818436,0.3333333333333333,0.5998743247633771,0.7321428571428571,0.5294117647058824,0.01425724359957075,0.0,0.5998743247633771,0.7321428571428571,0.5294117647058824,0.706482320942883,1.0,0.0,99.3715064823268
0.046560780029954556,0.0,0.08230353829843626,0.5701392706721184,0.0,0.0,0.0,0.4373654377208526,0.5,0.5192307692307693,0.14768475075012455,0.1757301237440715,0.0,0.0,0.2427193343391396,0.0,0.13191065387645395,0.1111111111111111,0.0,0.48214285714285715,0.0,0.4691093055342634,0.5555555555555556,0.0,0.48214285714285715,0.0,0.0,0.0,0.5406918616276745,99.37133665755137
0.046470540961758205,0.25894058638828854,0.3438576729393056,0.6971761929553616,0.2857142857142857,0.3142857142857143,0.481855350345411,0.0,0.0,0.5961538461538461,0.10994103268110149,0.21471843614158667,0.4,0.2,0.48182690988890414,0.4,0.138618564344965,0.3333333333333333,0.2590016673390768,0.5535714285714286,0.18823529411764706,0.5247926141686682,0.5555555555555556,0.2590016673390768,0.5535714285714286,0.18823529411764706,0.0,0.0,0.0,99.38019459496873
0.03510672531366704,0.4582500781579198,0.4282235621521336,0.8228956245270104,0.42857142857142855,0.45714285714285713,0.40998167207105596,0.6539631847741789,0.0,0.7307692307692307,0.42411288360615856,0.6728433138293434,0.8,0.4857142857142857,0.574498239839071,0.8,0.775916400203902,0.6666666666666666,0.42071213587206835,0.7321428571428571,0.4117647058823529,0.08983596504675763,0.1111111111111111,0.42071213587206835,0.7321428571428571,0.4117647058823529,0.6627379873073436,1.0,0.0,99.37069403265042
0.032872888370759294,0.642920251736465,0.5796034322820037,0.7191194227327483,0.5714285714285714,0.5428571428571428,0.7572959255604117,0.5871978794350139,0.0,0.8076923076923077,0.599902686546415,0.5754666066237745,0.6,0.5142857142857142,0.5114981941206053,0.6,0.4950067194958061,0.7777777777777778,0.5281251896732087,0.6964285714285714,0.4,0.7628221506804981,0.8888888888888888,0.5281251896732087,0.6964285714285714,0.4,0.6731640979147778,1.0,0.0,99.37135596026086
0.03155114396632158,0.5120091342821025,0.46296050887887624,0.5316972418482839,0.42857142857142855,0.4857142857142857,0.5896658677569435,0.751268600861505,0.0,0.7692307692307693,0.4939468714883166,0.6171948763341643,0.8,0.3142857142857143,0.5445983632789284,0.8,0.49428842856480837,0.5555555555555556,0.4971455297818178,0.7321428571428571,0.47058823529411764,0.12906467712538539,0.1111111111111111,0.4971455297818178,0.7321428571428571,0.47058823529411764,0.6616047144152312,1.0,0.0,99.69502470622227
0.03143517252681928,0.11613587244627492,0.1891565067585476,0.6908062504167117,0.14285714285714285,0.17142857142857143,0.17721697448188356,0.2001000090531289,0.0,0.5576923076923077,0.24023679607039006,0.5719804542102075,0.2,0.17142857142857143,0.0,0.2,0.37441494045136475,0.1111111111111111,0.1426306826093321,0.5357142857142857,0.17647058823529413,0.08101248573423953,0.0,0.1426306826093321,0.5357142857142857,0.17647058823529413,0.0,0.0,0.5466906618676265,99.37746599894535
0.030853692585417432,0.5370332612921204,0.3479492446329181,0.5952440158546102,0.42857142857142855,0.42857142857142855,0.5563654307063302,0.32970094941542655,0.0,0.75,0.45593669991542995,0.5867017144305006,0.6,0.42857142857142855,0.6006492022127737,0.6,0.5405950229389684,0.6666666666666666,0.43616090714670797,0.6785714285714286,0.35294117647058826,0.8593183095712607,0.7777777777777778,0.43616090714670797,0.6785714285714286,0.35294117647058826,0.37375339981867634,0.5,0.7924415116976604,99.37004345916327
0.030337302093142202,0.7359485652924466,0.5461337132255499,0.9257733238538219,0.5714285714285714,0.6857142857142857,0.7273509093472438,0.7732382681006325,0.0,0.8653846153846154,0.9024896025208818,0.9855011636445008,0.8,0.7142857142857143,1.0,1.0,0.45844339404050233,0.7777777777777778,0.5772884853634763,0.7678571428571429,0.5882352941176471,0.6265862673957109,0.7777777777777778,0.5772884853634763,0.7678571428571429,0.5882352941176471,0.7182683590208522,1.0,0.0,99.36063948288907
0.029356441437512724,0.30234201905693975,0.3188941160879936,0.6891160546680198,0.2857142857142857,0.2857142857142857,0.4641618497109827,0.3625009544688417,0.5,0.6346153846153846,0.31250362029217205,0.20543335603106458,0.4,0.2571428571428571,0.5076121245371006,0.4,0.3778557857175958,0.4444444444444444,0.2505792842938087,0.5892857142857143,0.17647058823529413,0.49264993953020936,0.5555555555555556,0.2505792842938087,0.5892857142857143,0.17647058823529413,0.7062556663644606,1.0,0.0,99.35999273884359
0.02439190644460666,0.7609319142573638,0.5980569175722237,0.72775862284005,0.7142857142857143,0.6857142857142857,0.7308473142534894,0.6224705759589998,0.0,0.8653846153846154,0.7460582258830617,0.7991467504205534,0.6,0.7142857142857143,0.44630366204910166,0.6,0.788057834005283,0.7777777777777778,0.7033600274200517,0.875,0.6823529411764706,0.060759364300679644,0.0,0.7033600274200517,0.875,0.6823529411764706,0.3343155031731641,1.0,0.0,99.35671930400163
0.020020122849520802,0.9165817124060406,0.7842317121653857,0.8352323848049228,0.8571428571428571,0.8,0.9275905822642041,0.7197673801998272,0.0,0.9423076923076923,0.9656854226763517,0.8734268737009987,0.8,0.8571428571428571,0.6217711333607644,0.8,0.9510751193289773,1.0,0.7622238804371498,0.8928571428571429,0.788235294117647,0.02779906995758598,0.0,0.7622238804371498,0.8928571428571429,0.788235294117647,0.0,0.0,0.0,99.3630015109419
0.0193544612297806,0.2079136592858405,0.2991237079247283,0.7994638200130386,0.2857142857142857,0.22857142857142856,0.3273227125334837,0.5440818662262981,0.0,0.6153846153846154,0.28182671254300906,0.5017943706672295,0.2,0.22857142857142856,0.11658208750514333,0.2,0.20690254414013623,0.2222222222222222,0.20454715856144698,0.6071428571428571,0.17647058823529413,0.2767131687873678,0.4444444444444444,0.20454715856144698,0.6071428571428571,0.17647058823529413,0.0,0.0,0.0,99.35339779479598
0.01637989043852322,0.5072652883687423,0.63422674264511,0.6431469453287835,0.5714285714285714,0.5428571428571428,0.5013111518398421,0.5060640374638835,0.0,0.75,0.5328027433125962,0.577382046431655,0.6,0.4857142857142857,0.5298770173272985,0.6,0.5926016034107234,0.6666666666666666,0.439367053808281,0.7321428571428571,0.49411764705882355,0.0753572827771816,0.1111111111111111,0.439367053808281,0.7321428571428571,0.49411764705882355,0.0,0.0,0.6154769046190762,99.36778938801588
0.01626865119176588,0.8024847422147916,0.6373989530877286,0.3603047105756838,0.5714285714285714,0.6,0.6530805019032849,0.6715655508803885,0.0,0.8846153846153846,0.6643149248716969,0.6215393420099482,0.8,0.7142857142857143,0.5461527911123303,0.8,0.6259442050141341,0.8888888888888888,0.9124129288399676,0.8035714285714286,0.788235294117647,0.012860476604152826,0.0,0.9124129288399676,0.8035714285714286,0.788235294117647,0.5664097914777878,1.0,0.47470505898820237,99.51992241811305
0.014877774897160174,0.1364161535429325,0.0,0.0,0.0,0.0,0.24641195544903427,0.3076457326667749,0.0,0.5769230769230769,0.11342809810122916,0.07070684260023381,0.2,0.08571428571428572,0.20792758195034974,0.2,0.3034431623337504,0.2222222222222222,0.1266749260051341,0.5357142857142857,0.058823529411764705,0.6998654334236122,0.6666666666666666,0.1266749260051341,0.5357142857142857,0.058823529411764705,0.0,0.0,0.6330733853229354,99.35044602971855
0.014002156446591163,0.34306569343065696,0.3367595414789292,0.771025865710874,0.42857142857142855,0.2571428571428571,0.38664880868461865,0.36411142659068396,0.0,0.6538461538461539,0.2002687704908537,0.7617854074906445,0.4,0.2571428571428571,0.15269967539889362,0.4,0.5514852402799018,0.4444444444444444,0.38456622406609375,0.625,0.25882352941176473,0.006115114040915053,0.0,0.38456622406609375,0.625,0.25882352941176473,0.0,0.0,0.0,99.35044602971855
0.013642432835223385,0.29558645625195396,0.3807480784521601,0.4964509993386767,0.2857142857142857,0.3142857142857143,0.33441421119413506,0.2779123263956515,0.0,0.6346153846153846,0.3650760550979506,0.28467906613233135,0.4,0.2857142857142857,0.39765921455675945,0.4,0.3062468140321609,0.4444444444444444,0.23089611442159044,0.5892857142857143,0.25882352941176473,0.3429062973751001,0.5555555555555556,0.23089611442159044,0.5892857142857143,0.25882352941176473,0.3488213961922031,1.0,0.0,99.35669496384561
0.011698881827971125,0.19650939933939568,0.2080986615425391,0.8815119629248729,0.14285714285714285,0.2571428571428571,0.40122656139856194,0.5802912303827295,0.0,0.6153846153846154,0.31322188625910863,0.5964155766472246,0.4,0.22857142857142856,0.47094591505509076,0.4,0.05112609481440289,0.2222222222222222,0.24609853366989543,0.625,0.24705882352941178,0.06629533105081166,0.1111111111111111,0.24609853366989543,0.625,0.24705882352941178,0.0,0.0,0.5674865026994601,99.35669496384561
0.011256545968840573,0.5529502915630224,0.4636396766498807,0.5516928767068517,0.2857142857142857,0.3142857142857143,0.6654730015508248,0.3470261982169293,0.0,0.75,0.258587333032125,0.6634732586628395,0.4,0.37142857142857144,0.43277099620536735,0.4,0.810348023541406,0.7777777777777778,0.3616376340208578,0.6071428571428571,0.23529411764705882,0.9841756519665458,1.0,0.3616376340208578,0.6071428571428571,0.23529411764705882,0.0,0.0,0.0,99.45757749175249
0.007904702532761277,0.44593510853756335,0.4625132520540684,0.9439218678663361,0.2857142857142857,0.37142857142857144,0.5164810376427463,0.7224653870886927,0.0,0.7307692307692307,0.46701189772819424,0.9739107610727591,0.8,0.45714285714285713,0.7939925936085585,0.8,0.56917605079012,0.5555555555555556,0.35624288167605067,0.7678571428571429,0.35294117647058826,0.00030660738923808065,0.0,0.35624288167605067,0.7678571428571429,0.35294117647058826,0.0,0.0,0.0,99.4550727106554
0.0,0.3500931098696462,0.19559203551550491,0.34036123750528824,0.2857142857142857,0.2571428571428571,0.4348935570280558,0.850933562112053,0.0,0.6923076923076923,0.48767942168004724,0.5671532884330206,0.4,0.3142857142857143,0.2835916426644722,0.4,0.0,0.0,0.44551157318975887,0.6428571428571429,0.4,0.46258538164103086,0.3333333333333333,0.44551157318975887,0.6428571428571429,0.4,0.7110154125113327,1.0,0.0,99.34063616297598
